Benchmark,Instrument,ProductTaxonomy,Start Date,End Date,DeltaMv,PreviousMv,DeltaMvPrice,DeltaMvTrading,DeltaMvCurrency,DeltaMvGlobalOther,DeltaMvRolldown,DeltaMvIncome,DeltaMvYieldCurves,DeltaMvCredit
EURO STOXX 50,CS.FR,Equities,2019-09-30,2019-10-31,386811.36,34850215.8,0.0,0.0,0.0,0.0,,0.0,,
EURO STOXX 50,VIV.FR,Equities,2019-09-30,2019-10-31,-235838.02,27003453.29,0.0,0.0,0.0,0.0,,0.0,,
EURO STOXX 50,ITX.ES,Equities,2019-09-30,2019-10-31,-354218.85,22355145.2,0.0,0.0,0.0,0.0,,0.0,,
EURO STOXX 50,ABI.BE,Equities,2019-09-30,2019-10-31,-7934388.34,45660503.3,0.0,0.0,0.0,0.0,,0.0,,
EURO STOXX 50,BNP.FR,Equities,2019-09-30,2019-10-31,1590358.46,33159994.7,0.0,0.0,0.0,0.0,,0.0,,
EURO STOXX 50,EL.FR,Equities,2019-09-30,2019-10-31,1045899.4,30405789.7,0.0,0.0,0.0,0.0,,0.0,,
EURO STOXX 50,KER.FR,Equities,2019-09-30,2019-10-31,1888705.35,20766876.05,0.0,0.0,0.0,0.0,,0.0,,
EURO STOXX 50,VOW3.DE,Equities,2019-09-30,2019-10-31,2761891.44,29726022.48,0.0,0.0,0.0,0.0,,0.0,,
EURO STOXX 50,SIE.DE,Equities,2019-09-30,2019-10-31,3420799.30,66627686.96,0.0,0.0,0.0,0.0,,0.0,,
EURO STOXX 50,ORA.FR,Equities,2019-09-30,2019-10-31,75757.55,21806810.77,0.0,0.0,0.0,0.0,,0.0,,
EURO STOXX 50,ASML.NL,Equities,2019-09-30,2019-10-31,5326327.1,174772502.9,0.0,0.0,0.0,0.0,,0.0,,
EURO STOXX 50,DPW.DE,Equities,2019-09-30,2019-10-31,2026314.67,50072487.08,0.0,0.0,0.0,0.0,,0.0,,
EURO STOXX 50,ADS.DE,Equities,2019-09-30,2019-10-31,-8738641.7,305611947.3,0.0,0.0,0.0,0.0,,0.0,,
EURO STOXX 50,INGA.NL,Equities,2019-09-30,2019-10-31,1136536.36,21614386.02,0.0,0.0,0.0,0.0,,0.0,,
EURO STOXX 50,BN.FR,Equities,2019-09-30,2019-10-31,-4460824,5.68157E+7,0.0,0.0,0.0,0.0,,0.0,,
EURO STOXX 50,ENEL.IT,Equities,2019-09-30,2019-10-31,1054438.56,73559132.64,0.0,0.0,0.0,0.0,,0.0,,
EURO STOXX 50,OR.FR,Equities,2019-09-30,2019-10-31,1605470.75,81656467.75,0.0,0.0,0.0,0.0,,0.0,,
EURO STOXX 50,IBE.ES,Equities,2019-09-30,2019-10-31,-1687695.47,49066658.37,0.0,0.0,0.0,0.0,,0.0,,
EURO STOXX 50,ACA.FR,Equities,2019-09-30,2019-10-31,-1779487.6,114382837.4,0.0,0.0,0.0,0.0,,0.0,,
EURO STOXX 50,TEF.ES,Equities,2019-09-30,2019-10-31,-231577.90,16288420.88,0.0,0.0,0.0,0.0,,0.0,,
EURO STOXX 50,GLE.FR,Equities,2019-09-30,2019-10-31,107934.11,8971912.02,0.0,0.0,0.0,0.0,,0.0,,
EURO STOXX 50,BMW.DE,Equities,2019-09-30,2019-10-31,692162.45,10799573.46,0.0,0.0,0.0,0.0,,0.0,,
EURO STOXX 50,ENGI.FR,Equities,2019-09-30,2019-10-31,30846.06,23092131.67,0.0,0.0,0.0,0.0,,0.0,,
EURO STOXX 50,MC.FR,Equities,2019-09-30,2019-10-31,10022313.0,201011478.8,0.0,0.0,0.0,0.0,,0.0,,
EURO STOXX 50,SU.FR,Equities,2019-09-30,2019-10-31,1733232.12,49116380.64,0.0,0.0,0.0,0.0,,0.0,,
EURO STOXX 50,MUV2.DE,Equities,2019-09-30,2019-10-31,1752297.3,34259936.1,0.0,0.0,0.0,0.0,,0.0,,
EURO STOXX 50,SAN.FR,Equities,2019-09-30,2019-10-31,-1613355.24,56818162.8,0.0,0.0,0.0,0.0,,0.0,,
EURO STOXX 50,PHIA.NL,Equities,2019-09-30,2019-10-31,-4458904.07,58277396.68,0.0,0.0,0.0,0.0,,0.0,,
EURO STOXX 50,AMS.ES,Equities,2019-09-30,2019-10-31,250594.04,21702762.78,0.0,0.0,0.0,0.0,,0.0,,
EURO STOXX 50,DB1.DE,Equities,2019-09-30,2019-10-31,-874996.10,31771219.15,0.0,0.0,0.0,0.0,,0.0,,
EURO STOXX 50,UNA.NL,Equities,2019-09-30,2019-10-31,-3749600.73,93376061.52,0.0,0.0,0.0,0.0,,0.0,,
EURO STOXX 50,BAYN.DE,Equities,2019-09-30,2019-10-31,2656476.07,34149039.45,0.0,0.0,0.0,0.0,,0.0,,
EURO STOXX 50,DAI.DE,Equities,2019-09-30,2019-10-31,2810932.92,18594147.97,0.0,0.0,0.0,0.0,,0.0,,
EURO STOXX 50,AIR.FR,Equities,2019-09-30,2019-10-31,8774194.0,112834053.2,0.0,0.0,0.0,0.0,,0.0,,
EURO STOXX 50,SAN.ES,Equities,2019-09-30,2019-10-31,-2342194.98,60281337.81,0.0,0.0,0.0,0.0,,0.0,,
EURO STOXX 50,ENI.IT,Equities,2019-09-30,2019-10-31,-964105.94,29697416.36,0.0,0.0,0.0,0.0,,0.0,,
EURO STOXX 50,DG.FR,Equities,2019-09-30,2019-10-31,1435016.87,76407879.38,0.0,0.0,0.0,0.0,,0.0,,
EURO STOXX 50,ISP.IT,Equities,2019-09-30,2019-10-31,621800.57,18471509.12,0.0,0.0,0.0,0.0,,0.0,,
EURO STOXX 50,DTE.DE,Equities,2019-09-30,2019-10-31,1025261.54,37979039.11,0.0,0.0,0.0,0.0,,0.0,,
EURO STOXX 50,AI.FR,Equities,2019-09-30,2019-10-31,-4805008.8,55015243.3,0.0,0.0,0.0,0.0,,0.0,,
EURO STOXX 50,BBVA.ES,Equities,2019-09-30,2019-10-31,-147891.22,14986310.72,0.0,0.0,0.0,0.0,,0.0,,
EURO STOXX 50,SAP.DE,Equities,2019-09-30,2019-10-31,15939734.3,145746322.2,0.0,0.0,0.0,0.0,,0.0,,
EURO STOXX 50,ALV.DE,Equities,2019-09-30,2019-10-31,2823936,94160616,0.0,0.0,0.0,0.0,,0.0,,
EURO STOXX 50,BAS.DE,Equities,2019-09-30,2019-10-31,2744689.65,41477465.5,0.0,0.0,0.0,0.0,,0.0,,
EURO STOXX 50,NOKIA.FI,Equities,2019-09-30,2019-10-31,-7767938.30,26887238.83,0.0,0.0,0.0,0.0,,0.0,,
EURO STOXX 50,AD.NL,Equities,2019-09-30,2019-10-31,-534852.36,19488152.26,0.0,0.0,0.0,0.0,,0.0,,
EURO STOXX 50,FRE.DE,Equities,2019-09-30,2019-10-31,1263910.08,12788892.03,0.0,0.0,0.0,0.0,,0.0,,
EURO STOXX 50,CRH.IE,Equities,2019-09-30,2019-10-31,0.00,169222.46,0.0,0.0,0.0,0.0,,0.0,,
EURO STOXX 50,SAF.FR,Equities,2019-09-30,2019-10-31,-716262,40187166,0.0,0.0,0.0,0.0,,0.0,,
EURO STOXX 50,AI.FR,Equities,2019-10-31,2019-11-29,1622744.2,50210234.5,0.0,0.0,0.0,0.0,,0.0,,
EURO STOXX 50,OR.FR,Equities,2019-10-31,2019-11-29,-1001432.25,83261938.5,0.0,0.0,0.0,0.0,,0.0,,
EURO STOXX 50,INGA.NL,Equities,2019-10-31,2019-11-29,693365.72,22750922.38,0.0,0.0,0.0,0.0,,0.0,,
EURO STOXX 50,BMW.DE,Equities,2019-10-31,2019-11-29,769905.35,11491735.91,0.0,0.0,0.0,0.0,,0.0,,
EURO STOXX 50,VOW3.DE,Equities,2019-10-31,2019-11-29,970754.40,32487913.92,0.0,0.0,0.0,0.0,,0.0,,
EURO STOXX 50,GLE.FR,Equities,2019-10-31,2019-11-29,1111453.81,9079846.13,0.0,0.0,0.0,0.0,,0.0,,
EURO STOXX 50,ISP.IT,Equities,2019-10-31,2019-11-29,456270.04,19093309.69,0.0,0.0,0.0,0.0,,0.0,,
EURO STOXX 50,IBE.ES,Equities,2019-10-31,2019-11-29,-1440715.64,47378962.9,0.0,0.0,0.0,0.0,,0.0,,
EURO STOXX 50,AD.NL,Equities,2019-10-31,2019-11-29,899910.32,18953299.9,0.0,0.0,0.0,0.0,,0.0,,
EURO STOXX 50,CS.FR,Equities,2019-10-31,2019-11-29,1498894.02,35237027.16,0.0,0.0,0.0,0.0,,0.0,,
EURO STOXX 50,BBVA.ES,Equities,2019-10-31,2019-11-29,163541.09,14838419.5,0.0,0.0,0.0,0.0,,0.0,,
EURO STOXX 50,ALV.DE,Equities,2019-10-31,2019-11-29,-1014852,96984552,0.0,0.0,0.0,0.0,,0.0,,
EURO STOXX 50,DB1.DE,Equities,2019-10-31,2019-11-29,-49841.55,30896223.05,0.0,0.0,0.0,0.0,,0.0,,
EURO STOXX 50,DG.FR,Equities,2019-10-31,2019-11-29,-1288034.01,77842896.25,0.0,0.0,0.0,0.0,,0.0,,
EURO STOXX 50,DAI.DE,Equities,2019-10-31,2019-11-29,-519788.18,21405080.89,0.0,0.0,0.0,0.0,,0.0,,
EURO STOXX 50,ENGI.FR,Equities,2019-10-31,2019-11-29,-979362.41,23122977.73,0.0,0.0,0.0,0.0,,0.0,,
EURO STOXX 50,EL.FR,Equities,2019-10-31,2019-11-29,930965.4,31451689.1,0.0,0.0,0.0,0.0,,0.0,,
EURO STOXX 50,PHIA.NL,Equities,2019-10-31,2019-11-29,3931506.81,53818492.61,0.0,0.0,0.0,0.0,,0.0,,
EURO STOXX 50,KER.FR,Equities,2019-10-31,2019-11-29,1625552.4,22655581.4,0.0,0.0,0.0,0.0,,0.0,,
EURO STOXX 50,BN.FR,Equities,2019-10-31,2019-11-29,239224,52354876,0.0,0.0,0.0,0.0,,0.0,,
EURO STOXX 50,NOKIA.FI,Equities,2019-10-31,2019-11-29,-576526.67,19119300.53,0.0,0.0,0.0,0.0,,0.0,,
EURO STOXX 50,SIE.DE,Equities,2019-10-31,2019-11-29,9300509.78,70048486.26,0.0,0.0,0.0,0.0,,0.0,,
EURO STOXX 50,TEF.ES,Equities,2019-10-31,2019-11-29,145463.50,16056842.98,0.0,0.0,0.0,0.0,,0.0,,
EURO STOXX 50,SAN.FR,Equities,2019-10-31,2019-11-29,1255945.28,55204807.56,0.0,0.0,0.0,0.0,,0.0,,
EURO STOXX 50,ABI.BE,Equities,2019-10-31,2019-11-29,-192759.27,37726114.96,0.0,0.0,0.0,0.0,,0.0,,
EURO STOXX 50,ASML.NL,Equities,2019-10-31,2019-11-29,8123606.8,1.8009883E+8,0.0,0.0,0.0,0.0,,0.0,,
EURO STOXX 50,BAS.DE,Equities,2019-10-31,2019-11-29,-93752.65,44222155.15,0.0,0.0,0.0,0.0,,0.0,,
EURO STOXX 50,DPW.DE,Equities,2019-10-31,2019-11-29,3323974.78,52098801.75,0.0,0.0,0.0,0.0,,0.0,,
EURO STOXX 50,ADS.DE,Equities,2019-10-31,2019-11-29,6173168.9,296873305.6,0.0,0.0,0.0,0.0,,0.0,,
EURO STOXX 50,ENEL.IT,Equities,2019-10-31,2019-11-29,-1022323.68,74613571.2,0.0,0.0,0.0,0.0,,0.0,,
EURO STOXX 50,MC.FR,Equities,2019-10-31,2019-11-29,13620419.8,211033791.8,0.0,0.0,0.0,0.0,,0.0,,
EURO STOXX 50,SU.FR,Equities,2019-10-31,2019-11-29,2673083.34,50849612.76,0.0,0.0,0.0,0.0,,0.0,,
EURO STOXX 50,ITX.ES,Equities,2019-10-31,2019-11-29,244017.43,22000926.35,0.0,0.0,0.0,0.0,,0.0,,
EURO STOXX 50,DTE.DE,Equities,2019-10-31,2019-11-29,-1387553.48,39004300.65,0.0,0.0,0.0,0.0,,0.0,,
EURO STOXX 50,ACA.FR,Equities,2019-10-31,2019-11-29,1194287.0,112603349.8,0.0,0.0,0.0,0.0,,0.0,,
EURO STOXX 50,AIR.FR,Equities,2019-10-31,2019-11-29,4647388.6,121608247.2,0.0,0.0,0.0,0.0,,0.0,,
EURO STOXX 50,SAN.ES,Equities,2019-10-31,2019-11-29,-740487.76,57939142.83,0.0,0.0,0.0,0.0,,0.0,,
EURO STOXX 50,VIV.FR,Equities,2019-10-31,2019-11-29,-48239.59,26767615.27,0.0,0.0,0.0,0.0,,0.0,,
EURO STOXX 50,BAYN.DE,Equities,2019-10-31,2019-11-29,-551344.09,36805515.52,0.0,0.0,0.0,0.0,,0.0,,
EURO STOXX 50,ENI.IT,Equities,2019-10-31,2019-11-29,232060.51,28733310.42,0.0,0.0,0.0,0.0,,0.0,,
EURO STOXX 50,FRE.DE,Equities,2019-10-31,2019-11-29,726599.25,14052802.11,0.0,0.0,0.0,0.0,,0.0,,
EURO STOXX 50,MUV2.DE,Equities,2019-10-31,2019-11-29,1622497.5,36012233.4,0.0,0.0,0.0,0.0,,0.0,,
EURO STOXX 50,AMS.ES,Equities,2019-10-31,2019-11-29,1928914.65,21953356.82,0.0,0.0,0.0,0.0,,0.0,,
EURO STOXX 50,BNP.FR,Equities,2019-10-31,2019-11-29,3080507.66,34750353.16,0.0,0.0,0.0,0.0,,0.0,,
EURO STOXX 50,SAF.FR,Equities,2019-10-31,2019-11-29,1849764,39470904,0.0,0.0,0.0,0.0,,0.0,,
EURO STOXX 50,ORA.FR,Equities,2019-10-31,2019-11-29,848484.56,21882568.32,0.0,0.0,0.0,0.0,,0.0,,
EURO STOXX 50,SAP.DE,Equities,2019-10-31,2019-11-29,5525413.5,161686056.5,0.0,0.0,0.0,0.0,,0.0,,
EURO STOXX 50,UNA.NL,Equities,2019-10-31,2019-11-29,1455826.92,89626460.79,0.0,0.0,0.0,0.0,,0.0,,
EURO STOXX 50,CRH.IE,Equities,2019-10-31,2019-11-29,0.00,169222.46,0.0,0.0,0.0,0.0,,0.0,,
EURO STOXX 50,DG.FR,Equities,2019-11-29,2019-12-31,-54151.58,76554862.24,0.0,0.0,0.0,0.0,,0.0,,
EURO STOXX 50,VIV.FR,Equities,2019-11-29,2019-12-31,964791.89,26719375.68,0.0,0.0,0.0,0.0,,0.0,,
EURO STOXX 50,ISP.IT,Equities,2019-11-29,2019-12-31,483858.47,19549579.73,0.0,0.0,0.0,0.0,,0.0,,
EURO STOXX 50,BNP.FR,Equities,2019-11-29,2019-12-31,1488293.45,37830860.82,0.0,0.0,0.0,0.0,,0.0,,
EURO STOXX 50,ENEL.IT,Equities,2019-11-29,2019-12-31,2842166.88,73591247.52,0.0,0.0,0.0,0.0,,0.0,,
EURO STOXX 50,UNA.NL,Equities,2019-11-29,2019-12-31,-4232055.00,91082287.71,0.0,0.0,0.0,0.0,,0.0,,
EURO STOXX 50,ENI.IT,Equities,2019-11-29,2019-12-31,-965371.72,28965370.93,0.0,0.0,0.0,0.0,,0.0,,
EURO STOXX 50,IBE.ES,Equities,2019-11-29,2019-12-31,61744.96,45938247.26,0.0,0.0,0.0,0.0,,0.0,,
EURO STOXX 50,DTE.DE,Equities,2019-11-29,2019-12-31,-1338262.05,37616747.17,0.0,0.0,0.0,0.0,,0.0,,
EURO STOXX 50,FRE.DE,Equities,2019-11-29,2019-12-31,220588.08,14779401.36,0.0,0.0,0.0,0.0,,0.0,,
EURO STOXX 50,VOW3.DE,Equities,2019-11-29,2019-12-31,213185.28,33458668.32,0.0,0.0,0.0,0.0,,0.0,,
EURO STOXX 50,BAS.DE,Equities,2019-11-29,2019-12-31,271559.4,44128402.5,0.0,0.0,0.0,0.0,,0.0,,
EURO STOXX 50,SAP.DE,Equities,2019-11-29,2019-12-31,-4076346.7,1.6721147E+8,0.0,0.0,0.0,0.0,,0.0,,
EURO STOXX 50,AD.NL,Equities,2019-11-29,2019-12-31,-581545.82,19853210.22,0.0,0.0,0.0,0.0,,0.0,,
EURO STOXX 50,ALV.DE,Equities,2019-11-29,2019-12-31,1.21341E+6,9.59697E+7,0.0,0.0,0.0,0.0,,0.0,,
EURO STOXX 50,AI.FR,Equities,2019-11-29,2019-12-31,1633281.5,51832978.7,0.0,0.0,0.0,0.0,,0.0,,
EURO STOXX 50,BAYN.DE,Equities,2019-11-29,2019-12-31,2419055.17,36254171.43,0.0,0.0,0.0,0.0,,0.0,,
EURO STOXX 50,ORA.FR,Equities,2019-11-29,2019-12-31,-2844696.00,22731052.88,0.0,0.0,0.0,0.0,,0.0,,
EURO STOXX 50,AMS.ES,Equities,2019-11-29,2019-12-31,517674.53,23882271.47,0.0,0.0,0.0,0.0,,0.0,,
EURO STOXX 50,DPW.DE,Equities,2019-11-29,2019-12-31,904677.87,55422776.53,0.0,0.0,0.0,0.0,,0.0,,
EURO STOXX 50,OR.FR,Equities,2019-11-29,2019-12-31,1605470.75,82260506.25,0.0,0.0,0.0,0.0,,0.0,,
EURO STOXX 50,AIR.FR,Equities,2019-11-29,2019-12-31,-2744893.5,126255635.8,0.0,0.0,0.0,0.0,,0.0,,
EURO STOXX 50,DB1.DE,Equities,2019-11-29,2019-12-31,287973.4,30846381.5,0.0,0.0,0.0,0.0,,0.0,,
EURO STOXX 50,KER.FR,Equities,2019-11-29,2019-12-31,1727704.6,24281133.8,0.0,0.0,0.0,0.0,,0.0,,
EURO STOXX 50,INGA.NL,Equities,2019-11-29,2019-12-31,722536.44,23444288.1,0.0,0.0,0.0,0.0,,0.0,,
EURO STOXX 50,NOKIA.FI,Equities,2019-11-29,2019-12-31,1397246.34,18542773.86,0.0,0.0,0.0,0.0,,0.0,,
EURO STOXX 50,GLE.FR,Equities,2019-11-29,2019-12-31,875961.18,10191299.94,0.0,0.0,0.0,0.0,,0.0,,
EURO STOXX 50,SAN.FR,Equities,2019-11-29,2019-12-31,3440488.40,56460752.84,0.0,0.0,0.0,0.0,,0.0,,
EURO STOXX 50,BN.FR,Equities,2019-11-29,2019-12-31,-605096,5.25941E+7,0.0,0.0,0.0,0.0,,0.0,,
EURO STOXX 50,ASML.NL,Equities,2019-11-29,2019-12-31,16323851.4,188222436.8,0.0,0.0,0.0,0.0,,0.0,,
EURO STOXX 50,ADS.DE,Equities,2019-11-29,2019-12-31,8925707.4,303046474.5,0.0,0.0,0.0,0.0,,0.0,,
EURO STOXX 50,MC.FR,Equities,2019-11-29,2019-12-31,3984110.7,224654211.6,0.0,0.0,0.0,0.0,,0.0,,
EURO STOXX 50,TEF.ES,Equities,2019-11-29,2019-12-31,-1446489.04,16202306.48,0.0,0.0,0.0,0.0,,0.0,,
EURO STOXX 50,SU.FR,Equities,2019-11-29,2019-12-31,2325216.33,53522696.1,0.0,0.0,0.0,0.0,,0.0,,
EURO STOXX 50,BBVA.ES,Equities,2019-11-29,2019-12-31,773103.33,15001960.59,0.0,0.0,0.0,0.0,,0.0,,
EURO STOXX 50,DAI.DE,Equities,2019-11-29,2019-12-31,-591131.65,20885292.71,0.0,0.0,0.0,0.0,,0.0,,
EURO STOXX 50,SIE.DE,Equities,2019-11-29,2019-12-31,-406431.60,79348996.04,0.0,0.0,0.0,0.0,,0.0,,
EURO STOXX 50,PHIA.NL,Equities,2019-11-29,2019-12-31,2208904.09,57749999.42,0.0,0.0,0.0,0.0,,0.0,,
EURO STOXX 50,CS.FR,Equities,2019-11-29,2019-12-31,613691.10,36735921.18,0.0,0.0,0.0,0.0,,0.0,,
EURO STOXX 50,MUV2.DE,Equities,2019-11-29,2019-12-31,641787.9,37634730.9,0.0,0.0,0.0,0.0,,0.0,,
EURO STOXX 50,BMW.DE,Equities,2019-11-29,2019-12-31,28422.13,12261641.26,0.0,0.0,0.0,0.0,,0.0,,
EURO STOXX 50,EL.FR,Equities,2019-11-29,2019-12-31,-396522.3,32382654.5,0.0,0.0,0.0,0.0,,0.0,,
EURO STOXX 50,SAF.FR,Equities,2019-11-29,2019-12-31,-3038898,41320668,0.0,0.0,0.0,0.0,,0.0,,
EURO STOXX 50,ACA.FR,Equities,2019-11-29,2019-12-31,3684375.4,113797636.8,0.0,0.0,0.0,0.0,,0.0,,
EURO STOXX 50,ITX.ES,Equities,2019-11-29,2019-12-31,2755035.50,22244943.78,0.0,0.0,0.0,0.0,,0.0,,
EURO STOXX 50,SAN.ES,Equities,2019-11-29,2019-12-31,108658.53,57198655.07,0.0,0.0,0.0,0.0,,0.0,,
EURO STOXX 50,ABI.BE,Equities,2019-11-29,2019-12-31,-440220.49,37533355.69,0.0,0.0,0.0,0.0,,0.0,,
EURO STOXX 50,ENGI.FR,Equities,2019-11-29,2019-12-31,61692.12,22143615.32,0.0,0.0,0.0,0.0,,0.0,,
EURO STOXX 50,CRH.IE,Equities,2019-11-29,2019-12-31,0.00,169222.46,0.0,0.0,0.0,0.0,,0.0,,
EURO STOXX 50,NOKIA.FI,Equities,2019-12-31,2020-01-31,348227.89,19940020.2,0.0,0.0,0.0,0.0,,0.0,,
EURO STOXX 50,BN.FR,Equities,2019-12-31,2020-01-31,-1041328,51989004,0.0,0.0,0.0,0.0,,0.0,,
EURO STOXX 50,ALV.DE,Equities,2019-12-31,2020-01-31,-1809084,9.718311E+7,0.0,0.0,0.0,0.0,,0.0,,
EURO STOXX 50,DAI.DE,Equities,2019-12-31,2020-01-31,-3259377.61,20294161.06,0.0,0.0,0.0,0.0,,0.0,,
EURO STOXX 50,SAN.ES,Equities,2019-12-31,2020-01-31,209268.28,57307313.6,0.0,0.0,0.0,0.0,,0.0,,
EURO STOXX 50,ISP.IT,Equities,2019-12-31,2020-01-31,-963472.56,20033438.2,0.0,0.0,0.0,0.0,,0.0,,
EURO STOXX 50,BAS.DE,Equities,2019-12-31,2020-01-31,-4943027.65,44399961.9,0.0,0.0,0.0,0.0,,0.0,,
EURO STOXX 50,DG.FR,Equities,2019-12-31,2020-01-31,1052087.84,76500710.66,0.0,0.0,0.0,0.0,,0.0,,
EURO STOXX 50,UNA.NL,Equities,2019-12-31,2020-01-31,2369950.80,86850232.71,0.0,0.0,0.0,0.0,,0.0,,
EURO STOXX 50,AMS.ES,Equities,2019-12-31,2020-01-31,-939727.65,24399946,0.0,0.0,0.0,0.0,,0.0,,
EURO STOXX 50,ABI.BE,Equities,2019-12-31,2020-01-31,-1654082.92,37093135.2,0.0,0.0,0.0,0.0,,0.0,,
EURO STOXX 50,AD.NL,Equities,2019-12-31,2020-01-31,-424486.0,19271664.4,0.0,0.0,0.0,0.0,,0.0,,
EURO STOXX 50,CS.FR,Equities,2019-12-31,2020-01-31,-1532368.08,37349612.28,0.0,0.0,0.0,0.0,,0.0,,
EURO STOXX 50,ASML.NL,Equities,2019-12-31,2020-01-31,-9234854.9,204546288.2,0.0,0.0,0.0,0.0,,0.0,,
EURO STOXX 50,IBE.ES,Equities,2019-12-31,2020-01-31,4836688.22,45999992.22,0.0,0.0,0.0,0.0,,0.0,,
EURO STOXX 50,GLE.FR,Equities,2019-12-31,2020-01-31,-640468.56,11067261.12,0.0,0.0,0.0,0.0,,0.0,,
EURO STOXX 50,ITX.ES,Equities,2019-12-31,2020-01-31,-1251573.27,24999979.28,0.0,0.0,0.0,0.0,,0.0,,
EURO STOXX 50,VOW3.DE,Equities,2019-12-31,2020-01-31,-2693367.6,33671853.6,0.0,0.0,0.0,0.0,,0.0,,
EURO STOXX 50,KER.FR,Equities,2019-12-31,2020-01-31,-1367951.2,26008838.4,0.0,0.0,0.0,0.0,,0.0,,
EURO STOXX 50,TEF.ES,Equities,2019-12-31,2020-01-31,-495739.61,14755817.44,0.0,0.0,0.0,0.0,,0.0,,
EURO STOXX 50,ENEL.IT,Equities,2019-12-31,2020-01-31,7819973.28,76433414.4,0.0,0.0,0.0,0.0,,0.0,,
EURO STOXX 50,BAYN.DE,Equities,2019-12-31,2020-01-31,47484.18,38673226.6,0.0,0.0,0.0,0.0,,0.0,,
EURO STOXX 50,BBVA.ES,Equities,2019-12-31,2020-01-31,-895172.28,15775063.92,0.0,0.0,0.0,0.0,,0.0,,
EURO STOXX 50,PHIA.NL,Equities,2019-12-31,2020-01-31,-3376712.30,59958903.51,0.0,0.0,0.0,0.0,,0.0,,
EURO STOXX 50,SAP.DE,Equities,2019-12-31,2020-01-31,-3209615.2,163135123.3,0.0,0.0,0.0,0.0,,0.0,,
EURO STOXX 50,DPW.DE,Equities,2019-12-31,2020-01-31,-4642102.71,56327454.4,0.0,0.0,0.0,0.0,,0.0,,
EURO STOXX 50,SAN.FR,Equities,2019-12-31,2020-01-31,-1736945.60,59901241.24,0.0,0.0,0.0,0.0,,0.0,,
EURO STOXX 50,SU.FR,Equities,2019-12-31,2020-01-31,-610293.00,55847912.43,0.0,0.0,0.0,0.0,,0.0,,
EURO STOXX 50,AI.FR,Equities,2019-12-31,2020-01-31,1654356.1,53466260.2,0.0,0.0,0.0,0.0,,0.0,,
EURO STOXX 50,MC.FR,Equities,2019-12-31,2020-01-31,-10670248.0,228638322.3,0.0,0.0,0.0,0.0,,0.0,,
EURO STOXX 50,ADS.DE,Equities,2019-12-31,2020-01-31,-6173168.9,311972181.9,0.0,0.0,0.0,0.0,,0.0,,
EURO STOXX 50,SAF.FR,Equities,2019-12-31,2020-01-31,2301774,3.828177E+7,0.0,0.0,0.0,0.0,,0.0,,
EURO STOXX 50,BMW.DE,Equities,2019-12-31,2020-01-31,-1527271.51,12290063.39,0.0,0.0,0.0,0.0,,0.0,,
EURO STOXX 50,FRE.DE,Equities,2019-12-31,2020-01-31,-1291483.59,14999989.44,0.0,0.0,0.0,0.0,,0.0,,
EURO STOXX 50,ORA.FR,Equities,2019-12-31,2020-01-31,-488636.20,19886356.88,0.0,0.0,0.0,0.0,,0.0,,
EURO STOXX 50,EL.FR,Equities,2019-12-31,2020-01-31,-1114859.8,31986132.2,0.0,0.0,0.0,0.0,,0.0,,
EURO STOXX 50,ENGI.FR,Equities,2019-12-31,2020-01-31,1800638.76,22205307.44,0.0,0.0,0.0,0.0,,0.0,,
EURO STOXX 50,OR.FR,Equities,2019-12-31,2020-01-31,-3719605.5,83865977,0.0,0.0,0.0,0.0,,0.0,,
EURO STOXX 50,AIR.FR,Equities,2019-12-31,2020-01-31,2650242.0,123510742.3,0.0,0.0,0.0,0.0,,0.0,,
EURO STOXX 50,ENI.IT,Equities,2019-12-31,2020-01-31,-1256080.25,27999999.21,0.0,0.0,0.0,0.0,,0.0,,
EURO STOXX 50,MUV2.DE,Equities,2019-12-31,2020-01-31,173066.4,38276518.8,0.0,0.0,0.0,0.0,,0.0,,
EURO STOXX 50,BNP.FR,Equities,2019-12-31,2020-01-31,-3648360.26,39319154.27,0.0,0.0,0.0,0.0,,0.0,,
EURO STOXX 50,DB1.DE,Equities,2019-12-31,2020-01-31,1462018.8,31134354.9,0.0,0.0,0.0,0.0,,0.0,,
EURO STOXX 50,VIV.FR,Equities,2019-12-31,2020-01-31,-1136310.45,27684167.57,0.0,0.0,0.0,0.0,,0.0,,
EURO STOXX 50,ACA.FR,Equities,2019-12-31,2020-01-31,-12032441.5,117482012.2,0.0,0.0,0.0,0.0,,0.0,,
EURO STOXX 50,DTE.DE,Equities,2019-12-31,2020-01-31,-246457.10,36278485.12,0.0,0.0,0.0,0.0,,0.0,,
EURO STOXX 50,INGA.NL,Equities,2019-12-31,2020-01-31,-2078975.20,24166824.54,0.0,0.0,0.0,0.0,,0.0,,
EURO STOXX 50,SIE.DE,Equities,2019-12-31,2020-01-31,-3298869.82,78942564.44,0.0,0.0,0.0,0.0,,0.0,,
EURO STOXX 50,CRH.IE,Equities,2019-12-31,2020-01-31,0.00,169222.46,0.0,0.0,0.0,0.0,,0.0,,
EURO STOXX 50,GLE.FR,Equities,2020-01-31,2020-02-28,-1295209.41,10426792.56,0.0,0.0,0.0,0.0,,0.0,,
EURO STOXX 50,BAYN.DE,Equities,2020-01-31,2020-02-28,-4608603.47,38720710.78,0.0,0.0,0.0,0.0,,0.0,,
EURO STOXX 50,MC.FR,Equities,2020-01-31,2020-02-28,-13454989.5,217968074.3,0.0,0.0,0.0,0.0,,0.0,,
EURO STOXX 50,VIV.FR,Equities,2020-01-31,2020-02-28,-1854544.44,26547857.12,0.0,0.0,0.0,0.0,,0.0,,
EURO STOXX 50,BN.FR,Equities,2020-01-31,2020-02-28,-6121320,50947676,0.0,0.0,0.0,0.0,,0.0,,
EURO STOXX 50,UNA.NL,Equities,2020-01-31,2020-02-28,-8612231.93,89220183.51,0.0,0.0,0.0,0.0,,0.0,,
EURO STOXX 50,ENI.IT,Equities,2020-01-31,2020-02-28,-3267833.91,26743918.96,0.0,0.0,0.0,0.0,,0.0,,
EURO STOXX 50,ASML.NL,Equities,2020-01-31,2020-02-28,-6245980.7,195311433.3,0.0,0.0,0.0,0.0,,0.0,,
EURO STOXX 50,AI.FR,Equities,2020-01-31,2020-02-28,-3308712.2,55120616.3,0.0,0.0,0.0,0.0,,0.0,,
EURO STOXX 50,SAN.ES,Equities,2020-01-31,2020-02-28,-4241707.06,57516581.88,0.0,0.0,0.0,0.0,,0.0,,
EURO STOXX 50,IBE.ES,Equities,2020-01-31,2020-02-28,2521252.37,50836680.44,0.0,0.0,0.0,0.0,,0.0,,
EURO STOXX 50,AD.NL,Equities,2020-01-31,2020-02-28,-865951.44,18847178.4,0.0,0.0,0.0,0.0,,0.0,,
EURO STOXX 50,ADS.DE,Equities,2020-01-31,2020-02-28,-38989841.8,305799013,0.0,0.0,0.0,0.0,,0.0,,
EURO STOXX 50,BNP.FR,Equities,2020-01-31,2020-02-28,-3167726.85,35670794.01,0.0,0.0,0.0,0.0,,0.0,,
EURO STOXX 50,PHIA.NL,Equities,2020-01-31,2020-02-28,-4082191.73,56582191.21,0.0,0.0,0.0,0.0,,0.0,,
EURO STOXX 50,BAS.DE,Equities,2020-01-31,2020-02-28,-5398859.50,39456934.25,0.0,0.0,0.0,0.0,,0.0,,
EURO STOXX 50,DTE.DE,Equities,2020-01-31,2020-02-28,283425.66,36032028.02,0.0,0.0,0.0,0.0,,0.0,,
EURO STOXX 50,DB1.DE,Equities,2020-01-31,2020-02-28,-1290342.35,32596373.7,0.0,0.0,0.0,0.0,,0.0,,
EURO STOXX 50,ORA.FR,Equities,2020-01-31,2020-02-28,-931817.87,19397720.68,0.0,0.0,0.0,0.0,,0.0,,
EURO STOXX 50,FRE.DE,Equities,2020-01-31,2020-02-28,-1194603.69,13708505.85,0.0,0.0,0.0,0.0,,0.0,,
EURO STOXX 50,MUV2.DE,Equities,2020-01-31,2020-02-28,-5127092.1,38449585.2,0.0,0.0,0.0,0.0,,0.0,,
EURO STOXX 50,DPW.DE,Equities,2020-01-31,2020-02-28,-7523972.47,51685351.69,0.0,0.0,0.0,0.0,,0.0,,
EURO STOXX 50,SIE.DE,Equities,2020-01-31,2020-02-28,-13053228.22,75643694.62,0.0,0.0,0.0,0.0,,0.0,,
EURO STOXX 50,ABI.BE,Equities,2020-01-31,2020-02-28,-8596021.51,35439052.28,0.0,0.0,0.0,0.0,,0.0,,
EURO STOXX 50,VOW3.DE,Equities,2020-01-31,2020-02-28,-2708595.12,30978486,0.0,0.0,0.0,0.0,,0.0,,
EURO STOXX 50,SAP.DE,Equities,2020-01-31,2020-02-28,-8856912.7,159925508.1,0.0,0.0,0.0,0.0,,0.0,,
EURO STOXX 50,INGA.NL,Equities,2020-01-31,2020-02-28,-2903609.19,22087849.34,0.0,0.0,0.0,0.0,,0.0,,
EURO STOXX 50,ENEL.IT,Equities,2020-01-31,2020-02-28,-2735117.28,84253387.68,0.0,0.0,0.0,0.0,,0.0,,
EURO STOXX 50,AIR.FR,Equities,2020-01-31,2020-02-28,-23814317.3,126160984.3,0.0,0.0,0.0,0.0,,0.0,,
EURO STOXX 50,BBVA.ES,Equities,2020-01-31,2020-02-28,-1414747.79,14879891.64,0.0,0.0,0.0,0.0,,0.0,,
EURO STOXX 50,SAN.FR,Equities,2020-01-31,2020-02-28,-2091015.28,58164295.64,0.0,0.0,0.0,0.0,,0.0,,
EURO STOXX 50,ISP.IT,Equities,2020-01-31,2020-02-28,-437170.37,19069965.64,0.0,0.0,0.0,0.0,,0.0,,
EURO STOXX 50,NOKIA.FI,Equities,2020-01-31,2020-02-28,-406025.05,20288248.09,0.0,0.0,0.0,0.0,,0.0,,
EURO STOXX 50,AMS.ES,Equities,2020-01-31,2020-02-28,-2660913.03,23460218.35,0.0,0.0,0.0,0.0,,0.0,,
EURO STOXX 50,SAF.FR,Equities,2020-01-31,2020-02-28,-6056934,40583544,0.0,0.0,0.0,0.0,,0.0,,
EURO STOXX 50,DAI.DE,Equities,2020-01-31,2020-02-28,-1836584.89,17034783.45,0.0,0.0,0.0,0.0,,0.0,,
EURO STOXX 50,EL.FR,Equities,2020-01-31,2020-02-28,-2586015.0,30871272.4,0.0,0.0,0.0,0.0,,0.0,,
EURO STOXX 50,ACA.FR,Equities,2020-01-31,2020-02-28,-13770129.14,105449570.7,0.0,0.0,0.0,0.0,,0.0,,
EURO STOXX 50,TEF.ES,Equities,2020-01-31,2020-02-28,-1815384.48,14260077.83,0.0,0.0,0.0,0.0,,0.0,,
EURO STOXX 50,KER.FR,Equities,2020-01-31,2020-02-28,-2171844.6,24640887.2,0.0,0.0,0.0,0.0,,0.0,,
EURO STOXX 50,OR.FR,Equities,2020-01-31,2020-02-28,-3512960.75,80146371.5,0.0,0.0,0.0,0.0,,0.0,,
EURO STOXX 50,ALV.DE,Equities,2020-01-31,2020-02-28,-9544021.2,95374026,0.0,0.0,0.0,0.0,,0.0,,
EURO STOXX 50,CS.FR,Equities,2020-01-31,2020-02-28,-4638016.98,35817244.2,0.0,0.0,0.0,0.0,,0.0,,
EURO STOXX 50,ITX.ES,Equities,2020-01-31,2020-02-28,-1920653.32,23748406.01,0.0,0.0,0.0,0.0,,0.0,,
EURO STOXX 50,SU.FR,Equities,2020-01-31,2020-02-28,6102.93,55237619.43,0.0,0.0,0.0,0.0,,0.0,,
EURO STOXX 50,BMW.DE,Equities,2020-01-31,2020-02-28,-967188.37,10762791.88,0.0,0.0,0.0,0.0,,0.0,,
EURO STOXX 50,DG.FR,Equities,2020-01-31,2020-02-28,-7163480.44,77552798.5,0.0,0.0,0.0,0.0,,0.0,,
EURO STOXX 50,ENGI.FR,Equities,2020-01-31,2020-02-28,-821276.35,24005946.2,0.0,0.0,0.0,0.0,,0.0,,
EURO STOXX 50,CRH.IE,Equities,2020-01-31,2020-02-28,0.00,169222.46,0.0,0.0,0.0,0.0,,0.0,,
EURO STOXX 50,SAF.FR,Equities,2020-02-28,2020-03-31,-12229304.4,3.452661E+7,0.0,0.0,0.0,0.0,,0.0,,
EURO STOXX 50,TEF.ES,Equities,2020-02-28,2020-03-31,-2679437.67,12444693.35,0.0,0.0,0.0,0.0,,0.0,,
EURO STOXX 50,NOKIA.FI,Equities,2020-02-28,2020-03-31,-3366684.57,19882223.04,0.0,0.0,0.0,0.0,,0.0,,
EURO STOXX 50,UNA.NL,Equities,2020-02-28,2020-03-31,-4849935.03,80607951.58,0.0,0.0,0.0,0.0,,0.0,,
EURO STOXX 50,INGA.NL,Equities,2020-02-28,2020-03-31,-8608169.05,19184240.15,0.0,0.0,0.0,0.0,,0.0,,
EURO STOXX 50,DAI.DE,Equities,2020-02-28,2020-03-31,-4013580.06,15198198.56,0.0,0.0,0.0,0.0,,0.0,,
EURO STOXX 50,ALV.DE,Equities,2020-02-28,2020-03-31,-16692109.2,85830004.8,0.0,0.0,0.0,0.0,,0.0,,
EURO STOXX 50,PHIA.NL,Equities,2020-02-28,2020-03-31,-2654109.57,52499999.48,0.0,0.0,0.0,0.0,,0.0,,
EURO STOXX 50,BAYN.DE,Equities,2020-02-28,2020-03-31,-6191409.47,34112107.31,0.0,0.0,0.0,0.0,,0.0,,
EURO STOXX 50,BBVA.ES,Equities,2020-02-28,2020-03-31,-4547850.77,13465143.85,0.0,0.0,0.0,0.0,,0.0,,
EURO STOXX 50,BMW.DE,Equities,2020-02-28,2020-03-31,-1899267.04,9795603.51,0.0,0.0,0.0,0.0,,0.0,,
EURO STOXX 50,EL.FR,Equities,2020-02-28,2020-03-31,-5675440.92,28285257.4,0.0,0.0,0.0,0.0,,0.0,,
EURO STOXX 50,SU.FR,Equities,2020-02-28,2020-03-31,-7293001.35,55243722.36,0.0,0.0,0.0,0.0,,0.0,,
EURO STOXX 50,VIV.FR,Equities,2020-02-28,2020-03-31,-3757328.45,24693312.68,0.0,0.0,0.0,0.0,,0.0,,
EURO STOXX 50,BNP.FR,Equities,2020-02-28,2020-03-31,-12067795.93,32503067.16,0.0,0.0,0.0,0.0,,0.0,,
EURO STOXX 50,ENGI.FR,Equities,2020-02-28,2020-03-31,-8670056.32,23184669.85,0.0,0.0,0.0,0.0,,0.0,,
EURO STOXX 50,BAS.DE,Equities,2020-02-28,2020-03-31,-6268496.15,34058074.75,0.0,0.0,0.0,0.0,,0.0,,
EURO STOXX 50,DG.FR,Equities,2020-02-28,2020-03-31,-12099010.16,70389318.06,0.0,0.0,0.0,0.0,,0.0,,
EURO STOXX 50,MUV2.DE,Equities,2020-02-28,2020-03-31,-6663056.4,33322493.1,0.0,0.0,0.0,0.0,,0.0,,
EURO STOXX 50,VOW3.DE,Equities,2020-02-28,2020-03-31,-8091523.44,28269890.88,0.0,0.0,0.0,0.0,,0.0,,
EURO STOXX 50,ENEL.IT,Equities,2020-02-28,2020-03-31,-13129633.44,81518270.4,0.0,0.0,0.0,0.0,,0.0,,
EURO STOXX 50,DTE.DE,Equities,2020-02-28,2020-03-31,-7184224.46,36315453.68,0.0,0.0,0.0,0.0,,0.0,,
EURO STOXX 50,ASML.NL,Equities,2020-02-28,2020-03-31,-6475894.1,189065452.6,0.0,0.0,0.0,0.0,,0.0,,
EURO STOXX 50,ABI.BE,Equities,2020-02-28,2020-03-31,-5829665.48,26843030.77,0.0,0.0,0.0,0.0,,0.0,,
EURO STOXX 50,ACA.FR,Equities,2020-02-28,2020-03-31,-7303065.01,91679441.56,0.0,0.0,0.0,0.0,,0.0,,
EURO STOXX 50,IBE.ES,Equities,2020-02-28,2020-03-31,-6874271.77,53357932.81,0.0,0.0,0.0,0.0,,0.0,,
EURO STOXX 50,OR.FR,Equities,2020-02-28,2020-03-31,-667621.50,76633410.75,0.0,0.0,0.0,0.0,,0.0,,
EURO STOXX 50,SIE.DE,Equities,2020-02-28,2020-03-31,-10391101.24,62590466.4,0.0,0.0,0.0,0.0,,0.0,,
EURO STOXX 50,AD.NL,Equities,2020-02-28,2020-03-31,114611.22,17981226.96,0.0,0.0,0.0,0.0,,0.0,,
EURO STOXX 50,FRE.DE,Equities,2020-02-28,2020-03-31,-2351200.65,12513902.16,0.0,0.0,0.0,0.0,,0.0,,
EURO STOXX 50,KER.FR,Equities,2020-02-28,2020-03-31,-1342413.15,22469042.6,0.0,0.0,0.0,0.0,,0.0,,
EURO STOXX 50,DPW.DE,Equities,2020-02-28,2020-03-31,-3594150.07,44161379.22,0.0,0.0,0.0,0.0,,0.0,,
EURO STOXX 50,AI.FR,Equities,2020-02-28,2020-03-31,-2781847.2,51811904.1,0.0,0.0,0.0,0.0,,0.0,,
EURO STOXX 50,ENI.IT,Equities,2020-02-28,2020-03-31,-4189747.03,23476085.05,0.0,0.0,0.0,0.0,,0.0,,
EURO STOXX 50,SAP.DE,Equities,2020-02-28,2020-03-31,-12432180.2,151068595.4,0.0,0.0,0.0,0.0,,0.0,,
EURO STOXX 50,AMS.ES,Equities,2020-02-28,2020-03-31,-6639093.42,20799305.32,0.0,0.0,0.0,0.0,,0.0,,
EURO STOXX 50,GLE.FR,Equities,2020-02-28,2020-03-31,-3657806.96,9131583.15,0.0,0.0,0.0,0.0,,0.0,,
EURO STOXX 50,SAN.ES,Equities,2020-02-28,2020-03-31,-17667072.10,53274874.82,0.0,0.0,0.0,0.0,,0.0,,
EURO STOXX 50,ADS.DE,Equities,2020-02-28,2020-03-31,-45937997.3,266809171.2,0.0,0.0,0.0,0.0,,0.0,,
EURO STOXX 50,CS.FR,Equities,2020-02-28,2020-03-31,-7711679.56,31179227.22,0.0,0.0,0.0,0.0,,0.0,,
EURO STOXX 50,AIR.FR,Equities,2020-02-28,2020-03-31,-46175734.33,102346667,0.0,0.0,0.0,0.0,,0.0,,
EURO STOXX 50,BN.FR,Equities,2020-02-28,2020-03-31,-3581324,44826356,0.0,0.0,0.0,0.0,,0.0,,
EURO STOXX 50,MC.FR,Equities,2020-02-28,2020-03-31,-17728603.1,204513084.8,0.0,0.0,0.0,0.0,,0.0,,
EURO STOXX 50,ITX.ES,Equities,2020-02-28,2020-03-31,-3203712.71,21827752.69,0.0,0.0,0.0,0.0,,0.0,,
EURO STOXX 50,ORA.FR,Equities,2020-02-28,2020-03-31,-1598484.30,18465902.81,0.0,0.0,0.0,0.0,,0.0,,
EURO STOXX 50,SAN.FR,Equities,2020-02-28,2020-03-31,-2538612.80,56073280.36,0.0,0.0,0.0,0.0,,0.0,,
EURO STOXX 50,DB1.DE,Equities,2020-02-28,2020-03-31,-3466756.70,31306031.35,0.0,0.0,0.0,0.0,,0.0,,
EURO STOXX 50,ISP.IT,Equities,2020-02-28,2020-03-31,-6139060.38,18632795.27,0.0,0.0,0.0,0.0,,0.0,,
EURO STOXX 50,CRH.IE,Equities,2020-02-28,2020-03-31,0.00,169222.46,0.0,0.0,0.0,0.0,,0.0,,
EURO STOXX 50,MC.FR,Equities,2020-03-31,2020-04-30,7582217.5,186784481.7,0.0,0.0,0.0,0.0,,0.0,,
EURO STOXX 50,DAI.DE,Equities,2020-03-31,2020-04-30,1673514.08,11184618.5,0.0,0.0,0.0,0.0,,0.0,,
EURO STOXX 50,BMW.DE,Equities,2020-03-31,2020-04-30,1127689.81,7896336.47,0.0,0.0,0.0,0.0,,0.0,,
EURO STOXX 50,SU.FR,Equities,2020-03-31,2020-04-30,2978229.84,47950721.01,0.0,0.0,0.0,0.0,,0.0,,
EURO STOXX 50,VOW3.DE,Equities,2020-03-31,2020-04-30,4101913.20,20178367.44,0.0,0.0,0.0,0.0,,0.0,,
EURO STOXX 50,DB1.DE,Equities,2020-03-31,2020-04-30,3450142.85,27839274.65,0.0,0.0,0.0,0.0,,0.0,,
EURO STOXX 50,ITX.ES,Equities,2020-03-31,2020-04-30,-322732.73,18624039.98,0.0,0.0,0.0,0.0,,0.0,,
EURO STOXX 50,BBVA.ES,Equities,2020-03-31,2020-04-30,234747.97,8917293.08,0.0,0.0,0.0,0.0,,0.0,,
EURO STOXX 50,INGA.NL,Equities,2020-03-31,2020-04-30,651853.53,10576071.1,0.0,0.0,0.0,0.0,,0.0,,
EURO STOXX 50,SAF.FR,Equities,2020-03-31,2020-04-30,1146019.2,22297305.6,0.0,0.0,0.0,0.0,,0.0,,
EURO STOXX 50,ORA.FR,Equities,2020-03-31,2020-04-30,-3787.88,16867418.51,0.0,0.0,0.0,0.0,,0.0,,
EURO STOXX 50,PHIA.NL,Equities,2020-03-31,2020-04-30,4510273.93,49845889.91,0.0,0.0,0.0,0.0,,0.0,,
EURO STOXX 50,ADS.DE,Equities,2020-03-31,2020-04-30,2912880.5,220871173.9,0.0,0.0,0.0,0.0,,0.0,,
EURO STOXX 50,ENEL.IT,Equities,2020-03-31,2020-04-30,-1857310.56,68388636.96,0.0,0.0,0.0,0.0,,0.0,,
EURO STOXX 50,FRE.DE,Equities,2020-03-31,2020-04-30,1620875.25,10162701.51,0.0,0.0,0.0,0.0,,0.0,,
EURO STOXX 50,AMS.ES,Equities,2020-03-31,2020-04-30,239053.53,14160211.9,0.0,0.0,0.0,0.0,,0.0,,
EURO STOXX 50,SAN.ES,Equities,2020-03-31,2020-04-30,-2901585.19,35607802.72,0.0,0.0,0.0,0.0,,0.0,,
EURO STOXX 50,NOKIA.FI,Equities,2020-03-31,2020-04-30,2759814.39,16515538.47,0.0,0.0,0.0,0.0,,0.0,,
EURO STOXX 50,BN.FR,Equities,2020-03-31,2020-04-30,3257668,41245032,0.0,0.0,0.0,0.0,,0.0,,
EURO STOXX 50,MUV2.DE,Equities,2020-03-31,2020-04-30,2444562.9,26659436.7,0.0,0.0,0.0,0.0,,0.0,,
EURO STOXX 50,ALV.DE,Equities,2020-03-31,2020-04-30,5524324.8,69137895.6,0.0,0.0,0.0,0.0,,0.0,,
EURO STOXX 50,KER.FR,Equities,2020-03-31,2020-04-30,-682865.25,21126629.45,0.0,0.0,0.0,0.0,,0.0,,
EURO STOXX 50,ASML.NL,Equities,2020-03-31,2020-04-30,21765135.2,182589558.5,0.0,0.0,0.0,0.0,,0.0,,
EURO STOXX 50,SIE.DE,Equities,2020-03-31,2020-04-30,4934757.01,52199365.16,0.0,0.0,0.0,0.0,,0.0,,
EURO STOXX 50,VIV.FR,Equities,2020-03-31,2020-04-30,184918.45,20935984.23,0.0,0.0,0.0,0.0,,0.0,,
EURO STOXX 50,BNP.FR,Equities,2020-03-31,2020-04-30,848067.47,20435271.23,0.0,0.0,0.0,0.0,,0.0,,
EURO STOXX 50,IBE.ES,Equities,2020-03-31,2020-04-30,545413.78,46483661.04,0.0,0.0,0.0,0.0,,0.0,,
EURO STOXX 50,CS.FR,Equities,2020-03-31,2020-04-30,626336.86,23467547.66,0.0,0.0,0.0,0.0,,0.0,,
EURO STOXX 50,ISP.IT,Equities,2020-03-31,2020-04-30,-460938.85,12493734.89,0.0,0.0,0.0,0.0,,0.0,,
EURO STOXX 50,OR.FR,Equities,2020-03-31,2020-04-30,8329373.00,75965789.25,0.0,0.0,0.0,0.0,,0.0,,
EURO STOXX 50,ENI.IT,Equities,2020-03-31,2020-04-30,-959886.65,19286338.02,0.0,0.0,0.0,0.0,,0.0,,
EURO STOXX 50,SAP.DE,Equities,2020-03-31,2020-04-30,7787041.0,138636415.2,0.0,0.0,0.0,0.0,,0.0,,
EURO STOXX 50,TEF.ES,Equities,2020-03-31,2020-04-30,-119280.07,9765255.68,0.0,0.0,0.0,0.0,,0.0,,
EURO STOXX 50,DTE.DE,Equities,2020-03-31,2020-04-30,3653726.51,29131229.22,0.0,0.0,0.0,0.0,,0.0,,
EURO STOXX 50,AD.NL,Equities,2020-03-31,2020-04-30,717381.34,18095838.18,0.0,0.0,0.0,0.0,,0.0,,
EURO STOXX 50,EL.FR,Equities,2020-03-31,2020-04-30,3198613.22,22609816.48,0.0,0.0,0.0,0.0,,0.0,,
EURO STOXX 50,GLE.FR,Equities,2020-03-31,2020-04-30,-383924.33,5473776.19,0.0,0.0,0.0,0.0,,0.0,,
EURO STOXX 50,SAN.FR,Equities,2020-03-31,2020-04-30,6052587.36,53534667.56,0.0,0.0,0.0,0.0,,0.0,,
EURO STOXX 50,ACA.FR,Equities,2020-03-31,2020-04-30,-5917692.09,84376376.55,0.0,0.0,0.0,0.0,,0.0,,
EURO STOXX 50,BAYN.DE,Equities,2020-03-31,2020-04-30,3790820.37,27920697.84,0.0,0.0,0.0,0.0,,0.0,,
EURO STOXX 50,AIR.FR,Equities,2020-03-31,2020-04-30,-1391377.04,56170932.67,0.0,0.0,0.0,0.0,,0.0,,
EURO STOXX 50,DPW.DE,Equities,2020-03-31,2020-04-30,3749705.54,40567229.15,0.0,0.0,0.0,0.0,,0.0,,
EURO STOXX 50,ABI.BE,Equities,2020-03-31,2020-04-30,1113575.51,21013365.29,0.0,0.0,0.0,0.0,,0.0,,
EURO STOXX 50,DG.FR,Equities,2020-03-31,2020-04-30,-518307.98,58290307.9,0.0,0.0,0.0,0.0,,0.0,,
EURO STOXX 50,AI.FR,Equities,2020-03-31,2020-04-30,-105373.0,49030056.9,0.0,0.0,0.0,0.0,,0.0,,
EURO STOXX 50,UNA.NL,Equities,2020-03-31,2020-04-30,1375417.88,75758016.55,0.0,0.0,0.0,0.0,,0.0,,
EURO STOXX 50,BAS.DE,Equities,2020-03-31,2020-04-30,2224200.8,27789578.6,0.0,0.0,0.0,0.0,,0.0,,
EURO STOXX 50,ENGI.FR,Equities,2020-03-31,2020-04-30,768066.90,14514613.53,0.0,0.0,0.0,0.0,,0.0,,
EURO STOXX 50,CRH.IE,Equities,2020-03-31,2020-04-30,0.00,169222.46,0.0,0.0,0.0,0.0,,0.0,,
EURO STOXX 50,SAN.FR,Equities,2020-04-30,2020-05-29,-1092271.56,59587254.92,0.0,0.0,0.0,0.0,,0.0,,
EURO STOXX 50,NOKIA.FI,Equities,2020-04-30,2020-05-29,1070692.39,19275352.86,0.0,0.0,0.0,0.0,,0.0,,
EURO STOXX 50,TEF.ES,Equities,2020-04-30,2020-05-29,188520.70,9645975.61,0.0,0.0,0.0,0.0,,0.0,,
EURO STOXX 50,AD.NL,Equities,2020-04-30,2020-05-29,424486.00,18813219.52,0.0,0.0,0.0,0.0,,0.0,,
EURO STOXX 50,ACA.FR,Equities,2020-04-30,2020-05-29,1869059.16,78458684.46,0.0,0.0,0.0,0.0,,0.0,,
EURO STOXX 50,DTE.DE,Equities,2020-04-30,2020-05-29,2144176.77,32784955.73,0.0,0.0,0.0,0.0,,0.0,,
EURO STOXX 50,SIE.DE,Equities,2020-04-30,2020-05-29,9855966.30,57134122.17,0.0,0.0,0.0,0.0,,0.0,,
EURO STOXX 50,BMW.DE,Equities,2020-04-30,2020-05-29,-206478.42,9024026.28,0.0,0.0,0.0,0.0,,0.0,,
EURO STOXX 50,CS.FR,Equities,2020-04-30,2020-05-29,287133.05,24093884.52,0.0,0.0,0.0,0.0,,0.0,,
EURO STOXX 50,VOW3.DE,Equities,2020-04-30,2020-05-29,869872.08,24280280.64,0.0,0.0,0.0,0.0,,0.0,,
EURO STOXX 50,KER.FR,Equities,2020-04-30,2020-05-29,421933.0,20443764.2,0.0,0.0,0.0,0.0,,0.0,,
EURO STOXX 50,AIR.FR,Equities,2020-04-30,2020-05-29,-1102689.98,54779555.63,0.0,0.0,0.0,0.0,,0.0,,
EURO STOXX 50,SAF.FR,Equities,2020-04-30,2020-05-29,445056.0,23443324.8,0.0,0.0,0.0,0.0,,0.0,,
EURO STOXX 50,MC.FR,Equities,2020-04-30,2020-05-29,12627838.6,194366699.2,0.0,0.0,0.0,0.0,,0.0,,
EURO STOXX 50,MUV2.DE,Equities,2020-04-30,2020-05-29,475932.6,29103999.6,0.0,0.0,0.0,0.0,,0.0,,
EURO STOXX 50,UNA.NL,Equities,2020-04-30,2020-05-29,1532003.91,77133434.43,0.0,0.0,0.0,0.0,,0.0,,
EURO STOXX 50,DB1.DE,Equities,2020-04-30,2020-05-29,1456480.85,31289417.5,0.0,0.0,0.0,0.0,,0.0,,
EURO STOXX 50,DAI.DE,Equities,2020-04-30,2020-05-29,819430.77,12858132.58,0.0,0.0,0.0,0.0,,0.0,,
EURO STOXX 50,DG.FR,Equities,2020-04-30,2020-05-29,6490453.66,57771999.92,0.0,0.0,0.0,0.0,,0.0,,
EURO STOXX 50,DPW.DE,Equities,2020-04-30,2020-05-29,1629238.87,44316934.69,0.0,0.0,0.0,0.0,,0.0,,
EURO STOXX 50,BBVA.ES,Equities,2020-04-30,2020-05-29,-388116.65,9152041.05,0.0,0.0,0.0,0.0,,0.0,,
EURO STOXX 50,PHIA.NL,Equities,2020-04-30,2020-05-29,1688356.15,54356163.84,0.0,0.0,0.0,0.0,,0.0,,
EURO STOXX 50,AI.FR,Equities,2020-04-30,2020-05-29,2550026.6,48924683.9,0.0,0.0,0.0,0.0,,0.0,,
EURO STOXX 50,ENGI.FR,Equities,2020-04-30,2020-05-29,1123567.73,15282680.43,0.0,0.0,0.0,0.0,,0.0,,
EURO STOXX 50,ENI.IT,Equities,2020-04-30,2020-05-29,-1082245.84,18326451.37,0.0,0.0,0.0,0.0,,0.0,,
EURO STOXX 50,GLE.FR,Equities,2020-04-30,2020-05-29,-367868.02,5089851.86,0.0,0.0,0.0,0.0,,0.0,,
EURO STOXX 50,ADS.DE,Equities,2020-04-30,2020-05-29,29663279.3,223784054.4,0.0,0.0,0.0,0.0,,0.0,,
EURO STOXX 50,AMS.ES,Equities,2020-04-30,2020-05-29,1127673.18,14399265.43,0.0,0.0,0.0,0.0,,0.0,,
EURO STOXX 50,BAS.DE,Equities,2020-04-30,2020-05-29,1500042.4,30013779.4,0.0,0.0,0.0,0.0,,0.0,,
EURO STOXX 50,BNP.FR,Equities,2020-04-30,2020-05-29,2661113.23,21283338.7,0.0,0.0,0.0,0.0,,0.0,,
EURO STOXX 50,ABI.BE,Equities,2020-04-30,2020-05-29,-304768.04,22126940.8,0.0,0.0,0.0,0.0,,0.0,,
EURO STOXX 50,IBE.ES,Equities,2020-04-30,2020-05-29,2305145.02,47029074.82,0.0,0.0,0.0,0.0,,0.0,,
EURO STOXX 50,ITX.ES,Equities,2020-04-30,2020-05-29,1416875.40,18301307.25,0.0,0.0,0.0,0.0,,0.0,,
EURO STOXX 50,ALV.DE,Equities,2020-04-30,2020-05-29,-2510655.6,74662220.4,0.0,0.0,0.0,0.0,,0.0,,
EURO STOXX 50,FRE.DE,Equities,2020-04-30,2020-05-29,1071640.74,11783576.76,0.0,0.0,0.0,0.0,,0.0,,
EURO STOXX 50,OR.FR,Equities,2020-04-30,2020-05-29,-1017328.00,84295162.25,0.0,0.0,0.0,0.0,,0.0,,
EURO STOXX 50,SAN.ES,Equities,2020-04-30,2020-05-29,680121.91,32706217.53,0.0,0.0,0.0,0.0,,0.0,,
EURO STOXX 50,SAP.DE,Equities,2020-04-30,2020-05-29,5958779.2,146423456.2,0.0,0.0,0.0,0.0,,0.0,,
EURO STOXX 50,ASML.NL,Equities,2020-04-30,2020-05-29,20155741.4,204354693.7,0.0,0.0,0.0,0.0,,0.0,,
EURO STOXX 50,BAYN.DE,Equities,2020-04-30,2020-05-29,583000.21,31711518.21,0.0,0.0,0.0,0.0,,0.0,,
EURO STOXX 50,EL.FR,Equities,2020-04-30,2020-05-29,821778.1,25808429.7,0.0,0.0,0.0,0.0,,0.0,,
EURO STOXX 50,ISP.IT,Equities,2020-04-30,2020-05-29,1131549.71,12032796.04,0.0,0.0,0.0,0.0,,0.0,,
EURO STOXX 50,VIV.FR,Equities,2020-04-30,2020-05-29,790593.36,21120902.68,0.0,0.0,0.0,0.0,,0.0,,
EURO STOXX 50,SU.FR,Equities,2020-04-30,2020-05-29,3539699.40,50928950.85,0.0,0.0,0.0,0.0,,0.0,,
EURO STOXX 50,BN.FR,Equities,2020-04-30,2020-05-29,-1.0554E+6,4.45027E+7,0.0,0.0,0.0,0.0,,0.0,,
EURO STOXX 50,ENEL.IT,Equities,2020-04-30,2020-05-29,7257962.88,66531326.4,0.0,0.0,0.0,0.0,,0.0,,
EURO STOXX 50,INGA.NL,Equities,2020-04-30,2020-05-29,1858511.83,11227924.63,0.0,0.0,0.0,0.0,,0.0,,
EURO STOXX 50,ORA.FR,Equities,2020-04-30,2020-05-29,-428030.16,16863630.63,0.0,0.0,0.0,0.0,,0.0,,
EURO STOXX 50,CRH.IE,Equities,2020-04-30,2020-05-29,0.00,169222.46,0.0,0.0,0.0,0.0,,0.0,,
EURO STOXX 50,VIV.FR,Equities,2020-05-29,2020-06-30,2969415.07,21911496.04,0.0,0.0,0.0,0.0,,0.0,,
EURO STOXX 50,GLE.FR,Equities,2020-05-29,2020-06-30,598722.14,4721983.84,0.0,0.0,0.0,0.0,,0.0,,
EURO STOXX 50,ITX.ES,Equities,2020-05-29,2020-06-30,-897354.42,19718182.65,0.0,0.0,0.0,0.0,,0.0,,
EURO STOXX 50,EL.FR,Equities,2020-05-29,2020-06-30,5769686.8,26630207.8,0.0,0.0,0.0,0.0,,0.0,,
EURO STOXX 50,AI.FR,Equities,2020-05-29,2020-06-30,2254982.2,51474710.5,0.0,0.0,0.0,0.0,,0.0,,
EURO STOXX 50,SAP.DE,Equities,2020-05-29,2020-06-30,13596850.7,152382235.4,0.0,0.0,0.0,0.0,,0.0,,
EURO STOXX 50,FRE.DE,Equities,2020-05-29,2020-06-30,344296.26,12855217.5,0.0,0.0,0.0,0.0,,0.0,,
EURO STOXX 50,UNA.NL,Equities,2020-05-29,2020-06-30,2293773.81,78665438.34,0.0,0.0,0.0,0.0,,0.0,,
EURO STOXX 50,ASML.NL,Equities,2020-05-29,2020-06-30,23949312.5,224510435.1,0.0,0.0,0.0,0.0,,0.0,,
EURO STOXX 50,BBVA.ES,Equities,2020-05-29,2020-06-30,895172.28,8763924.4,0.0,0.0,0.0,0.0,,0.0,,
EURO STOXX 50,VOW3.DE,Equities,2020-05-29,2020-06-30,557707.92,25150152.72,0.0,0.0,0.0,0.0,,0.0,,
EURO STOXX 50,AMS.ES,Equities,2020-05-29,2020-06-30,24729.68,15526938.61,0.0,0.0,0.0,0.0,,0.0,,
EURO STOXX 50,BAYN.DE,Equities,2020-05-29,2020-06-30,3054815.58,32294518.42,0.0,0.0,0.0,0.0,,0.0,,
EURO STOXX 50,ADS.DE,Equities,2020-05-29,2020-06-30,-5558524.4,253447333.7,0.0,0.0,0.0,0.0,,0.0,,
EURO STOXX 50,TEF.ES,Equities,2020-05-29,2020-06-30,300236.66,9834496.31,0.0,0.0,0.0,0.0,,0.0,,
EURO STOXX 50,ENI.IT,Equities,2020-05-29,2020-06-30,946173.99,17244205.53,0.0,0.0,0.0,0.0,,0.0,,
EURO STOXX 50,SAF.FR,Equities,2020-05-29,2020-06-30,954088.8,23888380.8,0.0,0.0,0.0,0.0,,0.0,,
EURO STOXX 50,PHIA.NL,Equities,2020-05-29,2020-06-30,958904.10,56044519.99,0.0,0.0,0.0,0.0,,0.0,,
EURO STOXX 50,ENEL.IT,Equities,2020-05-29,2020-06-30,8874411.84,73789289.28,0.0,0.0,0.0,0.0,,0.0,,
EURO STOXX 50,ISP.IT,Equities,2020-05-29,2020-06-30,1284347.11,13164345.75,0.0,0.0,0.0,0.0,,0.0,,
EURO STOXX 50,BAS.DE,Equities,2020-05-29,2020-06-30,1028046.3,31513821.8,0.0,0.0,0.0,0.0,,0.0,,
EURO STOXX 50,OR.FR,Equities,2020-05-29,2020-06-30,7423315.25,83277834.25,0.0,0.0,0.0,0.0,,0.0,,
EURO STOXX 50,CS.FR,Equities,2020-05-29,2020-06-30,3331040.90,24381017.57,0.0,0.0,0.0,0.0,,0.0,,
EURO STOXX 50,ACA.FR,Equities,2020-05-29,2020-06-30,2209430.95,80327743.62,0.0,0.0,0.0,0.0,,0.0,,
EURO STOXX 50,ALV.DE,Equities,2020-05-29,2020-06-30,7576090.8,72151564.8,0.0,0.0,0.0,0.0,,0.0,,
EURO STOXX 50,INGA.NL,Equities,2020-05-29,2020-06-30,944682.75,13086436.46,0.0,0.0,0.0,0.0,,0.0,,
EURO STOXX 50,DG.FR,Equities,2020-05-29,2020-06-30,-278493.84,64262453.58,0.0,0.0,0.0,0.0,,0.0,,
EURO STOXX 50,KER.FR,Equities,2020-05-29,2020-06-30,510761.0,20865697.2,0.0,0.0,0.0,0.0,,0.0,,
EURO STOXX 50,DPW.DE,Equities,2020-05-29,2020-06-30,6287715.84,45946173.56,0.0,0.0,0.0,0.0,,0.0,,
EURO STOXX 50,SAN.FR,Equities,2020-05-29,2020-06-30,2665543.44,58494983.36,0.0,0.0,0.0,0.0,,0.0,,
EURO STOXX 50,DTE.DE,Equities,2020-05-29,2020-06-30,1558841.16,34929132.5,0.0,0.0,0.0,0.0,,0.0,,
EURO STOXX 50,IBE.ES,Equities,2020-05-29,2020-06-30,3046084.50,49334219.84,0.0,0.0,0.0,0.0,,0.0,,
EURO STOXX 50,BN.FR,Equities,2020-05-29,2020-06-30,253296,4.34473E+7,0.0,0.0,0.0,0.0,,0.0,,
EURO STOXX 50,DAI.DE,Equities,2020-05-29,2020-06-30,1032442.00,13677563.35,0.0,0.0,0.0,0.0,,0.0,,
EURO STOXX 50,MC.FR,Equities,2020-05-29,2020-06-30,7802791.0,206994537.8,0.0,0.0,0.0,0.0,,0.0,,
EURO STOXX 50,DB1.DE,Equities,2020-05-29,2020-06-30,2774512.95,32745898.35,0.0,0.0,0.0,0.0,,0.0,,
EURO STOXX 50,SAN.ES,Equities,2020-05-29,2020-06-30,2140975.48,33386339.44,0.0,0.0,0.0,0.0,,0.0,,
EURO STOXX 50,MUV2.DE,Equities,2020-05-29,2020-06-30,3259417.2,29579932.2,0.0,0.0,0.0,0.0,,0.0,,
EURO STOXX 50,AD.NL,Equities,2020-05-29,2020-06-30,1239499.12,19237705.52,0.0,0.0,0.0,0.0,,0.0,,
EURO STOXX 50,SU.FR,Equities,2020-05-29,2020-06-30,5718445.41,54468650.25,0.0,0.0,0.0,0.0,,0.0,,
EURO STOXX 50,BMW.DE,Equities,2020-05-29,2020-06-30,657052.77,8817547.86,0.0,0.0,0.0,0.0,,0.0,,
EURO STOXX 50,NOKIA.FI,Equities,2020-05-29,2020-06-30,2005561.45,20346045.25,0.0,0.0,0.0,0.0,,0.0,,
EURO STOXX 50,SIE.DE,Equities,2020-05-29,2020-06-30,3566437.29,66990088.47,0.0,0.0,0.0,0.0,,0.0,,
EURO STOXX 50,BNP.FR,Equities,2020-05-29,2020-06-30,2299246.38,23944451.93,0.0,0.0,0.0,0.0,,0.0,,
EURO STOXX 50,AIR.FR,Equities,2020-05-29,2020-06-30,6289592.18,53676865.65,0.0,0.0,0.0,0.0,,0.0,,
EURO STOXX 50,ABI.BE,Equities,2020-05-29,2020-06-30,1135716.78,21822172.76,0.0,0.0,0.0,0.0,,0.0,,
EURO STOXX 50,ENGI.FR,Equities,2020-05-29,2020-06-30,848266.65,16406248.16,0.0,0.0,0.0,0.0,,0.0,,
EURO STOXX 50,ORA.FR,Equities,2020-05-29,2020-06-30,-242424.16,16435600.47,0.0,0.0,0.0,0.0,,0.0,,
EURO STOXX 50,CRH.IE,Equities,2020-05-29,2020-06-30,0.00,169222.46,0.0,0.0,0.0,0.0,,0.0,,
EURO STOXX 50,ISP.IT,Equities,2020-06-30,2020-07-31,277581.97,14448692.86,0.0,0.0,0.0,0.0,,0.0,,
EURO STOXX 50,AD.NL,Equities,2020-06-30,2020-07-31,339588.80,20477204.64,0.0,0.0,0.0,0.0,,0.0,,
EURO STOXX 50,DTE.DE,Equities,2020-06-30,2020-07-31,-1232285.50,36487973.66,0.0,0.0,0.0,0.0,,0.0,,
EURO STOXX 50,SAF.FR,Equities,2020-06-30,2020-07-31,1324041.6,24842469.6,0.0,0.0,0.0,0.0,,0.0,,
EURO STOXX 50,DB1.DE,Equities,2020-06-30,2020-07-31,-631326.3,35520411.3,0.0,0.0,0.0,0.0,,0.0,,
EURO STOXX 50,ABI.BE,Equities,2020-06-30,2020-07-31,2640020.55,22957889.54,0.0,0.0,0.0,0.0,,0.0,,
EURO STOXX 50,ACA.FR,Equities,2020-06-30,2020-07-31,-6264035.32,82537174.57,0.0,0.0,0.0,0.0,,0.0,,
EURO STOXX 50,AI.FR,Equities,2020-06-30,2020-07-31,5142202.4,53729692.7,0.0,0.0,0.0,0.0,,0.0,,
EURO STOXX 50,TEF.ES,Equities,2020-06-30,2020-07-31,-1429033.42,10134732.97,0.0,0.0,0.0,0.0,,0.0,,
EURO STOXX 50,ORA.FR,Equities,2020-06-30,2020-07-31,-1108332.95,16193176.31,0.0,0.0,0.0,0.0,,0.0,,
EURO STOXX 50,AIR.FR,Equities,2020-06-30,2020-07-31,-9465.16,59966457.83,0.0,0.0,0.0,0.0,,0.0,,
EURO STOXX 50,DPW.DE,Equities,2020-06-30,2020-07-31,3757892.67,52233889.4,0.0,0.0,0.0,0.0,,0.0,,
EURO STOXX 50,SAN.ES,Equities,2020-06-30,2020-07-31,-4394633.88,35527314.92,0.0,0.0,0.0,0.0,,0.0,,
EURO STOXX 50,BAYN.DE,Equities,2020-06-30,2020-07-31,-5537182.99,35349334,0.0,0.0,0.0,0.0,,0.0,,
EURO STOXX 50,MC.FR,Equities,2020-06-30,2020-07-31,-8602370.4,214797328.8,0.0,0.0,0.0,0.0,,0.0,,
EURO STOXX 50,BNP.FR,Equities,2020-06-30,2020-07-31,-727445.18,26243698.31,0.0,0.0,0.0,0.0,,0.0,,
EURO STOXX 50,SIE.DE,Equities,2020-06-30,2020-07-31,3515633.34,70556525.76,0.0,0.0,0.0,0.0,,0.0,,
EURO STOXX 50,ADS.DE,Equities,2020-06-30,2020-07-31,1282736.4,247888809.3,0.0,0.0,0.0,0.0,,0.0,,
EURO STOXX 50,OR.FR,Equities,2020-06-30,2020-07-31,-270227.75,90701149.5,0.0,0.0,0.0,0.0,,0.0,,
EURO STOXX 50,IBE.ES,Equities,2020-06-30,2020-07-31,3833332.69,52380304.34,0.0,0.0,0.0,0.0,,0.0,,
EURO STOXX 50,VIV.FR,Equities,2020-06-30,2020-07-31,-1286389.20,24880911.11,0.0,0.0,0.0,0.0,,0.0,,
EURO STOXX 50,SAP.DE,Equities,2020-06-30,2020-07-31,14585466.3,165979086.1,0.0,0.0,0.0,0.0,,0.0,,
EURO STOXX 50,ASML.NL,Equities,2020-06-30,2020-07-31,-14637819.8,248459747.6,0.0,0.0,0.0,0.0,,0.0,,
EURO STOXX 50,BBVA.ES,Equities,2020-06-30,2020-07-31,-1203474.62,9659096.68,0.0,0.0,0.0,0.0,,0.0,,
EURO STOXX 50,ENI.IT,Equities,2020-06-30,2020-07-31,-1695096.54,18190379.52,0.0,0.0,0.0,0.0,,0.0,,
EURO STOXX 50,DAI.DE,Equities,2020-06-30,2020-07-31,967213.69,14710005.35,0.0,0.0,0.0,0.0,,0.0,,
EURO STOXX 50,MUV2.DE,Equities,2020-06-30,2020-07-31,-360555.0,32839349.4,0.0,0.0,0.0,0.0,,0.0,,
EURO STOXX 50,SU.FR,Equities,2020-06-30,2020-07-31,823895.55,60187095.66,0.0,0.0,0.0,0.0,,0.0,,
EURO STOXX 50,ENEL.IT,Equities,2020-06-30,2020-07-31,165926.88,82663701.12,0.0,0.0,0.0,0.0,,0.0,,
EURO STOXX 50,VOW3.DE,Equities,2020-06-30,2020-07-31,-1309566.72,25707860.64,0.0,0.0,0.0,0.0,,0.0,,
EURO STOXX 50,EL.FR,Equities,2020-06-30,2020-07-31,0.0,32399894.6,0.0,0.0,0.0,0.0,,0.0,,
EURO STOXX 50,NOKIA.FI,Equities,2020-06-30,2020-07-31,-1111150.4,22351606.7,0.0,0.0,0.0,0.0,,0.0,,
EURO STOXX 50,CS.FR,Equities,2020-06-30,2020-07-31,-2109609.65,27712058.47,0.0,0.0,0.0,0.0,,0.0,,
EURO STOXX 50,DG.FR,Equities,2020-06-30,2020-07-31,-3898913.76,63983959.74,0.0,0.0,0.0,0.0,,0.0,,
EURO STOXX 50,GLE.FR,Equities,2020-06-30,2020-07-31,-620487.37,5320705.98,0.0,0.0,0.0,0.0,,0.0,,
EURO STOXX 50,BAS.DE,Equities,2020-06-30,2020-07-31,-1921929.32,32541868.1,0.0,0.0,0.0,0.0,,0.0,,
EURO STOXX 50,SAN.FR,Equities,2020-06-30,2020-07-31,-2000827.72,61160526.8,0.0,0.0,0.0,0.0,,0.0,,
EURO STOXX 50,BN.FR,Equities,2020-06-30,2020-07-31,-3581324,43700596,0.0,0.0,0.0,0.0,,0.0,,
EURO STOXX 50,UNA.NL,Equities,2020-06-30,2020-07-31,5053073.67,80959212.15,0.0,0.0,0.0,0.0,,0.0,,
EURO STOXX 50,ALV.DE,Equities,2020-06-30,2020-07-31,-1720836.0,79727655.6,0.0,0.0,0.0,0.0,,0.0,,
EURO STOXX 50,BMW.DE,Equities,2020-06-30,2020-07-31,-122047.97,9474600.63,0.0,0.0,0.0,0.0,,0.0,,
EURO STOXX 50,KER.FR,Equities,2020-06-30,2020-07-31,498547.15,21376458.2,0.0,0.0,0.0,0.0,,0.0,,
EURO STOXX 50,PHIA.NL,Equities,2020-06-30,2020-07-31,3712328.73,57003424.09,0.0,0.0,0.0,0.0,,0.0,,
EURO STOXX 50,ENGI.FR,Equities,2020-06-30,2020-07-31,-520527.26,17254514.81,0.0,0.0,0.0,0.0,,0.0,,
EURO STOXX 50,FRE.DE,Equities,2020-06-30,2020-07-31,-591712.62,13199513.76,0.0,0.0,0.0,0.0,,0.0,,
EURO STOXX 50,AMS.ES,Equities,2020-06-30,2020-07-31,-1234835.11,15551668.29,0.0,0.0,0.0,0.0,,0.0,,
EURO STOXX 50,INGA.NL,Equities,2020-06-30,2020-07-31,-631658.42,14031119.21,0.0,0.0,0.0,0.0,,0.0,,
EURO STOXX 50,CRH.IE,Equities,2020-06-30,2020-07-31,0.00,169222.46,0.0,0.0,0.0,0.0,,0.0,,
EURO STOXX 50,ITX.ES,Equities,2020-06-30,2020-07-31,-936712.07,18820828.23,0.0,0.0,0.0,0.0,,0.0,,
EURO STOXX 50,ITX.ES,Equities,2020-07-31,2020-08-31,1046913.49,17884116.16,0.0,0.0,0.0,0.0,,0.0,,
EURO STOXX 50,ABI.BE,Equities,2020-07-31,2020-08-31,196666.55,25597910.09,0.0,0.0,0.0,0.0,,0.0,,
EURO STOXX 50,BAS.DE,Equities,2020-07-31,2020-08-31,2584663.57,30619938.78,0.0,0.0,0.0,0.0,,0.0,,
EURO STOXX 50,BAYN.DE,Equities,2020-07-31,2020-08-31,-778212.95,29812151.01,0.0,0.0,0.0,0.0,,0.0,,
EURO STOXX 50,IBE.ES,Equities,2020-07-31,2020-08-31,-1414988.58,56213637.03,0.0,0.0,0.0,0.0,,0.0,,
EURO STOXX 50,UNA.NL,Equities,2020-07-31,2020-08-31,-3089400.15,86012285.82,0.0,0.0,0.0,0.0,,0.0,,
EURO STOXX 50,ADS.DE,Equities,2020-07-31,2020-08-31,20416887.7,249171545.7,0.0,0.0,0.0,0.0,,0.0,,
EURO STOXX 50,PHIA.NL,Equities,2020-07-31,2020-08-31,-4383561.60,60715752.82,0.0,0.0,0.0,0.0,,0.0,,
EURO STOXX 50,DB1.DE,Equities,2020-07-31,2020-08-31,11075.9,34889085,0.0,0.0,0.0,0.0,,0.0,,
EURO STOXX 50,ISP.IT,Equities,2020-07-31,2020-08-31,767382.54,14726274.83,0.0,0.0,0.0,0.0,,0.0,,
EURO STOXX 50,TEF.ES,Equities,2020-07-31,2020-08-31,-786666.61,8705699.55,0.0,0.0,0.0,0.0,,0.0,,
EURO STOXX 50,AMS.ES,Equities,2020-07-31,2020-08-31,1829995.95,14316833.18,0.0,0.0,0.0,0.0,,0.0,,
EURO STOXX 50,SAF.FR,Equities,2020-07-31,2020-08-31,2289256.8,26166511.2,0.0,0.0,0.0,0.0,,0.0,,
EURO STOXX 50,OR.FR,Equities,2020-07-31,2020-08-31,-2288988.00,90430921.75,0.0,0.0,0.0,0.0,,0.0,,
EURO STOXX 50,AD.NL,Equities,2020-07-31,2020-08-31,942358.92,20816793.44,0.0,0.0,0.0,0.0,,0.0,,
EURO STOXX 50,SAP.DE,Equities,2020-07-31,2020-08-31,8870455.4,180564552.4,0.0,0.0,0.0,0.0,,0.0,,
EURO STOXX 50,KER.FR,Equities,2020-07-31,2020-08-31,1067046.35,21875005.35,0.0,0.0,0.0,0.0,,0.0,,
EURO STOXX 50,DPW.DE,Equities,2020-07-31,2020-08-31,6525142.61,55991782.07,0.0,0.0,0.0,0.0,,0.0,,
EURO STOXX 50,DTE.DE,Equities,2020-07-31,2020-08-31,1669746.85,35255688.16,0.0,0.0,0.0,0.0,,0.0,,
EURO STOXX 50,INGA.NL,Equities,2020-07-31,2020-08-31,2405462.95,13399460.79,0.0,0.0,0.0,0.0,,0.0,,
EURO STOXX 50,CS.FR,Equities,2020-07-31,2020-08-31,412102.88,25602448.82,0.0,0.0,0.0,0.0,,0.0,,
EURO STOXX 50,MC.FR,Equities,2020-07-31,2020-08-31,12338335.8,206194958.4,0.0,0.0,0.0,0.0,,0.0,,
EURO STOXX 50,NOKIA.FI,Equities,2020-07-31,2020-08-31,2920201.51,21240456.3,0.0,0.0,0.0,0.0,,0.0,,
EURO STOXX 50,FRE.DE,Equities,2020-07-31,2020-08-31,-867447.72,12607801.14,0.0,0.0,0.0,0.0,,0.0,,
EURO STOXX 50,ORA.FR,Equities,2020-07-31,2020-08-31,-577272.54,15084843.36,0.0,0.0,0.0,0.0,,0.0,,
EURO STOXX 50,SAN.FR,Equities,2020-07-31,2020-08-31,-2358237.68,59159699.08,0.0,0.0,0.0,0.0,,0.0,,
EURO STOXX 50,SAN.ES,Equities,2020-07-31,2020-08-31,531219.48,31132681.04,0.0,0.0,0.0,0.0,,0.0,,
EURO STOXX 50,BNP.FR,Equities,2020-07-31,2020-08-31,2549769.58,25516253.13,0.0,0.0,0.0,0.0,,0.0,,
EURO STOXX 50,ASML.NL,Equities,2020-07-31,2020-08-31,8889984.8,233821927.8,0.0,0.0,0.0,0.0,,0.0,,
EURO STOXX 50,EL.FR,Equities,2020-07-31,2020-08-31,0.0,32399894.6,0.0,0.0,0.0,0.0,,0.0,,
EURO STOXX 50,SU.FR,Equities,2020-07-31,2020-08-31,3085031.12,61010991.21,0.0,0.0,0.0,0.0,,0.0,,
EURO STOXX 50,BBVA.ES,Equities,2020-07-31,2020-08-31,-305172.37,8455622.06,0.0,0.0,0.0,0.0,,0.0,,
EURO STOXX 50,VOW3.DE,Equities,2020-07-31,2020-08-31,2188956.00,24398293.92,0.0,0.0,0.0,0.0,,0.0,,
EURO STOXX 50,ENGI.FR,Equities,2020-07-31,2020-08-31,447267.87,16733987.55,0.0,0.0,0.0,0.0,,0.0,,
EURO STOXX 50,ACA.FR,Equities,2020-07-31,2020-08-31,3278317.82,76273139.25,0.0,0.0,0.0,0.0,,0.0,,
EURO STOXX 50,DG.FR,Equities,2020-07-31,2020-08-31,2955129.08,60085045.98,0.0,0.0,0.0,0.0,,0.0,,
EURO STOXX 50,BMW.DE,Equities,2020-07-31,2020-08-31,612747.69,9352552.66,0.0,0.0,0.0,0.0,,0.0,,
EURO STOXX 50,ENEL.IT,Equities,2020-07-31,2020-08-31,-1059791.04,82829628,0.0,0.0,0.0,0.0,,0.0,,
EURO STOXX 50,MUV2.DE,Equities,2020-07-31,2020-08-31,2906073.3,32478794.4,0.0,0.0,0.0,0.0,,0.0,,
EURO STOXX 50,AIR.FR,Equities,2020-07-31,2020-08-31,7737760.13,59956992.67,0.0,0.0,0.0,0.0,,0.0,,
EURO STOXX 50,ALV.DE,Equities,2020-07-31,2020-08-31,3869674.8,78006819.6,0.0,0.0,0.0,0.0,,0.0,,
EURO STOXX 50,AI.FR,Equities,2020-07-31,2020-08-31,-52686.5,58871895.1,0.0,0.0,0.0,0.0,,0.0,,
EURO STOXX 50,GLE.FR,Equities,2020-07-31,2020-08-31,349670.86,4700218.61,0.0,0.0,0.0,0.0,,0.0,,
EURO STOXX 50,VIV.FR,Equities,2020-07-31,2020-08-31,2127902.14,23594521.91,0.0,0.0,0.0,0.0,,0.0,,
EURO STOXX 50,BN.FR,Equities,2020-07-31,2020-08-31,-1259444,40119272,0.0,0.0,0.0,0.0,,0.0,,
EURO STOXX 50,DAI.DE,Equities,2020-07-31,2020-08-31,1822316.18,15677219.04,0.0,0.0,0.0,0.0,,0.0,,
EURO STOXX 50,ENI.IT,Equities,2020-07-31,2020-08-31,298514.20,16495282.98,0.0,0.0,0.0,0.0,,0.0,,
EURO STOXX 50,SIE.DE,Equities,2020-07-31,2020-08-31,5988092.24,74072159.1,0.0,0.0,0.0,0.0,,0.0,,
EURO STOXX 50,CRH.IE,Equities,2020-07-31,2020-08-31,0.00,169222.46,0.0,0.0,0.0,0.0,,0.0,,
EURO STOXX 50,SAN.FR,Equities,2020-08-31,2020-09-30,778285.24,56801461.4,0.0,0.0,0.0,0.0,,0.0,,
EURO STOXX 50,ADS.DE,Equities,2020-08-31,2020-09-30,31266699.7,269588433.4,0.0,0.0,0.0,0.0,,0.0,,
EURO STOXX 50,ORA.FR,Equities,2020-08-31,2020-09-30,-1166666.26,14507570.82,0.0,0.0,0.0,0.0,,0.0,,
EURO STOXX 50,VOW3.DE,Equities,2020-08-31,2020-09-30,-220799.04,26587249.92,0.0,0.0,0.0,0.0,,0.0,,
EURO STOXX 50,INGA.NL,Equities,2020-08-31,2020-09-30,-2206877.62,15804923.74,0.0,0.0,0.0,0.0,,0.0,,
EURO STOXX 50,ABI.BE,Equities,2020-08-31,2020-09-30,-1660595.06,25794576.64,0.0,0.0,0.0,0.0,,0.0,,
EURO STOXX 50,SAP.DE,Equities,2020-08-31,2020-09-30,-8410004.2,189435007.8,0.0,0.0,0.0,0.0,,0.0,,
EURO STOXX 50,DPW.DE,Equities,2020-08-31,2020-09-30,2079531.02,62516924.68,0.0,0.0,0.0,0.0,,0.0,,
EURO STOXX 50,MUV2.DE,Equities,2020-08-31,2020-09-30,-3922838.4,35384867.7,0.0,0.0,0.0,0.0,,0.0,,
EURO STOXX 50,TEF.ES,Equities,2020-08-31,2020-09-30,-1207928.90,7919032.94,0.0,0.0,0.0,0.0,,0.0,,
EURO STOXX 50,BMW.DE,Equities,2020-08-31,2020-09-30,370323.63,9965300.35,0.0,0.0,0.0,0.0,,0.0,,
EURO STOXX 50,CS.FR,Equities,2020-08-31,2020-09-30,-2578246.49,26014551.7,0.0,0.0,0.0,0.0,,0.0,,
EURO STOXX 50,DAI.DE,Equities,2020-08-31,2020-09-30,1130284.49,17499535.22,0.0,0.0,0.0,0.0,,0.0,,
EURO STOXX 50,AD.NL,Equities,2020-08-31,2020-09-30,-84897.20,21759152.36,0.0,0.0,0.0,0.0,,0.0,,
EURO STOXX 50,ENI.IT,Equities,2020-08-31,2020-09-30,-2731985.09,16793797.18,0.0,0.0,0.0,0.0,,0.0,,
EURO STOXX 50,FRE.DE,Equities,2020-08-31,2020-09-30,-228040.38,11740353.42,0.0,0.0,0.0,0.0,,0.0,,
EURO STOXX 50,UNA.NL,Equities,2020-08-31,2020-09-30,4579083.51,82922885.67,0.0,0.0,0.0,0.0,,0.0,,
EURO STOXX 50,ACA.FR,Equities,2020-08-31,2020-09-30,-11877184.21,79551457.07,0.0,0.0,0.0,0.0,,0.0,,
EURO STOXX 50,BN.FR,Equities,2020-08-31,2020-09-30,-98504,38859828,0.0,0.0,0.0,0.0,,0.0,,
EURO STOXX 50,BNP.FR,Equities,2020-08-31,2020-09-30,-5056857.44,28066022.71,0.0,0.0,0.0,0.0,,0.0,,
EURO STOXX 50,BAS.DE,Equities,2020-08-31,2020-09-30,572214.45,33204602.35,0.0,0.0,0.0,0.0,,0.0,,
EURO STOXX 50,SAF.FR,Equities,2020-08-31,2020-09-30,-4767662.4,28455768,0.0,0.0,0.0,0.0,,0.0,,
EURO STOXX 50,VIV.FR,Equities,2020-08-31,2020-09-30,-139358.83,25722424.05,0.0,0.0,0.0,0.0,,0.0,,
EURO STOXX 50,OR.FR,Equities,2020-08-31,2020-09-30,1367034.50,88141933.75,0.0,0.0,0.0,0.0,,0.0,,
EURO STOXX 50,BBVA.ES,Equities,2020-08-31,2020-09-30,-856047.61,8150449.69,0.0,0.0,0.0,0.0,,0.0,,
EURO STOXX 50,GLE.FR,Equities,2020-08-31,2020-09-30,-1114665.07,5049889.47,0.0,0.0,0.0,0.0,,0.0,,
EURO STOXX 50,AIR.FR,Equities,2020-08-31,2020-09-30,-8447646.38,67694752.8,0.0,0.0,0.0,0.0,,0.0,,
EURO STOXX 50,NOKIA.FI,Equities,2020-08-31,2020-09-30,-4651226.45,24160657.81,0.0,0.0,0.0,0.0,,0.0,,
EURO STOXX 50,EL.FR,Equities,2020-08-31,2020-09-30,0.0,32399894.6,0.0,0.0,0.0,0.0,,0.0,,
EURO STOXX 50,SIE.DE,Equities,2020-08-31,2020-09-30,-6428393.14,80060251.34,0.0,0.0,0.0,0.0,,0.0,,
EURO STOXX 50,ASML.NL,Equities,2020-08-31,2020-09-30,1187885.9,242711912.6,0.0,0.0,0.0,0.0,,0.0,,
EURO STOXX 50,SAN.ES,Equities,2020-08-31,2020-09-30,-6028536.22,31663900.52,0.0,0.0,0.0,0.0,,0.0,,
EURO STOXX 50,DG.FR,Equities,2020-08-31,2020-09-30,-6993289.76,63040175.06,0.0,0.0,0.0,0.0,,0.0,,
EURO STOXX 50,BAYN.DE,Equities,2020-08-31,2020-09-30,-791403.00,29033938.06,0.0,0.0,0.0,0.0,,0.0,,
EURO STOXX 50,AI.FR,Equities,2020-08-31,2020-09-30,-853521.3,58819208.6,0.0,0.0,0.0,0.0,,0.0,,
EURO STOXX 50,AMS.ES,Equities,2020-08-31,2020-09-30,-390728.87,16146829.13,0.0,0.0,0.0,0.0,,0.0,,
EURO STOXX 50,ITX.ES,Equities,2020-08-31,2020-09-30,-86586.83,18931029.65,0.0,0.0,0.0,0.0,,0.0,,
EURO STOXX 50,ENEL.IT,Equities,2020-08-31,2020-09-30,-1477284.48,81769836.96,0.0,0.0,0.0,0.0,,0.0,,
EURO STOXX 50,ENGI.FR,Equities,2020-08-31,2020-09-30,219778.18,17181255.42,0.0,0.0,0.0,0.0,,0.0,,
EURO STOXX 50,DB1.DE,Equities,2020-08-31,2020-09-30,-1395563.4,34900160.9,0.0,0.0,0.0,0.0,,0.0,,
EURO STOXX 50,DTE.DE,Equities,2020-08-31,2020-09-30,-1780652.55,36925435.01,0.0,0.0,0.0,0.0,,0.0,,
EURO STOXX 50,PHIA.NL,Equities,2020-08-31,2020-09-30,-1143835.61,56332191.22,0.0,0.0,0.0,0.0,,0.0,,
EURO STOXX 50,ALV.DE,Equities,2020-08-31,2020-09-30,-9310164.0,81876494.4,0.0,0.0,0.0,0.0,,0.0,,
EURO STOXX 50,ISP.IT,Equities,2020-08-31,2020-09-30,-1853093.03,15493657.37,0.0,0.0,0.0,0.0,,0.0,,
EURO STOXX 50,IBE.ES,Equities,2020-08-31,2020-09-30,-617449.56,54798648.45,0.0,0.0,0.0,0.0,,0.0,,
EURO STOXX 50,KER.FR,Equities,2020-08-31,2020-09-30,2669281.4,22942051.7,0.0,0.0,0.0,0.0,,0.0,,
EURO STOXX 50,MC.FR,Equities,2020-08-31,2020-09-30,7389215.6,218533294.2,0.0,0.0,0.0,0.0,,0.0,,
EURO STOXX 50,SU.FR,Equities,2020-08-31,2020-09-30,2380142.70,64096022.33,0.0,0.0,0.0,0.0,,0.0,,
EURO STOXX 50,CRH.IE,Equities,2020-08-31,2020-09-30,0.00,169222.46,0.0,0.0,0.0,0.0,,0.0,,
EURO STOXX 50,ADS.DE,Equities,2020-09-30,2020-10-01,-4061998.5,300855133.1,0.0,0.0,0.0,0.0,,0.0,,
EURO STOXX 50,IBE.ES,Equities,2020-09-30,2020-10-01,-102908.26,54181198.89,0.0,0.0,0.0,0.0,,0.0,,
EURO STOXX 50,BMW.DE,Equities,2020-09-30,2020-10-01,63531.82,10335623.98,0.0,0.0,0.0,0.0,,0.0,,
EURO STOXX 50,DG.FR,Equities,2020-09-30,2020-10-01,-688498.66,56046885.3,0.0,0.0,0.0,0.0,,0.0,,
EURO STOXX 50,SAF.FR,Equities,2020-09-30,2020-10-01,-189148.8,23688105.6,0.0,0.0,0.0,0.0,,0.0,,
EURO STOXX 50,PHIA.NL,Equities,2020-09-30,2020-10-01,89041.10,55188355.61,0.0,0.0,0.0,0.0,,0.0,,
EURO STOXX 50,NOKIA.FI,Equities,2020-09-30,2020-10-01,-93920.39,19509431.36,0.0,0.0,0.0,0.0,,0.0,,
EURO STOXX 50,ASML.NL,Equities,2020-09-30,2020-10-01,-1954263.9,243899798.5,0.0,0.0,0.0,0.0,,0.0,,
EURO STOXX 50,ISP.IT,Equities,2020-09-30,2020-10-01,-32257.23,13640564.34,0.0,0.0,0.0,0.0,,0.0,,
EURO STOXX 50,DTE.DE,Equities,2020-09-30,2020-10-01,271102.81,35144782.46,0.0,0.0,0.0,0.0,,0.0,,
EURO STOXX 50,UNA.NL,Equities,2020-09-30,2020-10-01,-253923.30,87501969.18,0.0,0.0,0.0,0.0,,0.0,,
EURO STOXX 50,ABI.BE,Equities,2020-09-30,2020-10-01,-35165.55,24133981.58,0.0,0.0,0.0,0.0,,0.0,,
EURO STOXX 50,BAYN.DE,Equities,2020-09-30,2020-10-01,-94968.36,28242535.06,0.0,0.0,0.0,0.0,,0.0,,
EURO STOXX 50,ORA.FR,Equities,2020-09-30,2020-10-01,116666.62,13340904.56,0.0,0.0,0.0,0.0,,0.0,,
EURO STOXX 50,GLE.FR,Equities,2020-09-30,2020-10-01,103474.03,3935224.4,0.0,0.0,0.0,0.0,,0.0,,
EURO STOXX 50,MUV2.DE,Equities,2020-09-30,2020-10-01,-72111.0,31462029.3,0.0,0.0,0.0,0.0,,0.0,,
EURO STOXX 50,AI.FR,Equities,2020-09-30,2020-10-01,-790297.5,57965687.3,0.0,0.0,0.0,0.0,,0.0,,
EURO STOXX 50,AIR.FR,Equities,2020-09-30,2020-10-01,-468524.92,59247106.42,0.0,0.0,0.0,0.0,,0.0,,
EURO STOXX 50,ALV.DE,Equities,2020-09-30,2020-10-01,-225032.4,72566330.4,0.0,0.0,0.0,0.0,,0.0,,
EURO STOXX 50,VIV.FR,Equities,2020-09-30,2020-10-01,-21439.82,25583065.22,0.0,0.0,0.0,0.0,,0.0,,
EURO STOXX 50,BBVA.ES,Equities,2020-09-30,2020-10-01,133023.85,7294402.08,0.0,0.0,0.0,0.0,,0.0,,
EURO STOXX 50,DB1.DE,Equities,2020-09-30,2020-10-01,-177214.4,33504597.5,0.0,0.0,0.0,0.0,,0.0,,
EURO STOXX 50,SAN.ES,Equities,2020-09-30,2020-10-01,127170.72,25635364.3,0.0,0.0,0.0,0.0,,0.0,,
EURO STOXX 50,BAS.DE,Equities,2020-09-30,2020-10-01,-145478.25,33776816.8,0.0,0.0,0.0,0.0,,0.0,,
EURO STOXX 50,INGA.NL,Equities,2020-09-30,2020-10-01,-67317.06,13598046.12,0.0,0.0,0.0,0.0,,0.0,,
EURO STOXX 50,SAP.DE,Equities,2020-09-30,2020-10-01,-1124042.5,181025003.6,0.0,0.0,0.0,0.0,,0.0,,
EURO STOXX 50,SIE.DE,Equities,2020-09-30,2020-10-01,-338693.0,73631858.2,0.0,0.0,0.0,0.0,,0.0,,
EURO STOXX 50,MC.FR,Equities,2020-09-30,2020-10-01,-5638412.6,225922509.8,0.0,0.0,0.0,0.0,,0.0,,
EURO STOXX 50,ENI.IT,Equities,2020-09-30,2020-10-01,45357.28,14061812.09,0.0,0.0,0.0,0.0,,0.0,,
EURO STOXX 50,OR.FR,Equities,2020-09-30,2020-10-01,-1176285.50,89508968.25,0.0,0.0,0.0,0.0,,0.0,,
EURO STOXX 50,KER.FR,Equities,2020-09-30,2020-10-01,-399726.0,25611333.1,0.0,0.0,0.0,0.0,,0.0,,
EURO STOXX 50,EL.FR,Equities,2020-09-30,2020-10-01,0.0,32399894.6,0.0,0.0,0.0,0.0,,0.0,,
EURO STOXX 50,ACA.FR,Equities,2020-09-30,2020-10-01,2078059.37,67674272.86,0.0,0.0,0.0,0.0,,0.0,,
EURO STOXX 50,BN.FR,Equities,2020-09-30,2020-10-01,105540,38761324,0.0,0.0,0.0,0.0,,0.0,,
EURO STOXX 50,AMS.ES,Equities,2020-09-30,2020-10-01,1648.65,15756100.26,0.0,0.0,0.0,0.0,,0.0,,
EURO STOXX 50,BNP.FR,Equities,2020-09-30,2020-10-01,-9278.64,23009165.27,0.0,0.0,0.0,0.0,,0.0,,
EURO STOXX 50,SAN.FR,Equities,2020-09-30,2020-10-01,-557826.76,57579746.64,0.0,0.0,0.0,0.0,,0.0,,
EURO STOXX 50,ENGI.FR,Equities,2020-09-30,2020-10-01,215922.42,17401033.6,0.0,0.0,0.0,0.0,,0.0,,
EURO STOXX 50,SU.FR,Equities,2020-09-30,2020-10-01,-1540989.83,66476165.03,0.0,0.0,0.0,0.0,,0.0,,
EURO STOXX 50,FRE.DE,Equities,2020-09-30,2020-10-01,62599.32,11512313.04,0.0,0.0,0.0,0.0,,0.0,,
EURO STOXX 50,DPW.DE,Equities,2020-09-30,2020-10-01,-794151.61,64596455.7,0.0,0.0,0.0,0.0,,0.0,,
EURO STOXX 50,TEF.ES,Equities,2020-09-30,2020-10-01,186193.28,6711104.04,0.0,0.0,0.0,0.0,,0.0,,
EURO STOXX 50,DAI.DE,Equities,2020-09-30,2020-10-01,283335.51,18629819.71,0.0,0.0,0.0,0.0,,0.0,,
EURO STOXX 50,ITX.ES,Equities,2020-09-30,2020-10-01,-110201.42,18844442.82,0.0,0.0,0.0,0.0,,0.0,,
EURO STOXX 50,AD.NL,Equities,2020-09-30,2020-10-01,-237712.16,21674255.16,0.0,0.0,0.0,0.0,,0.0,,
EURO STOXX 50,CS.FR,Equities,2020-09-30,2020-10-01,40168.87,23436305.21,0.0,0.0,0.0,0.0,,0.0,,
EURO STOXX 50,ENEL.IT,Equities,2020-09-30,2020-10-01,-893864.16,80292552.48,0.0,0.0,0.0,0.0,,0.0,,
EURO STOXX 50,VOW3.DE,Equities,2020-09-30,2020-10-01,-157985.52,26366450.88,0.0,0.0,0.0,0.0,,0.0,,
EURO STOXX 50,CRH.IE,Equities,2020-09-30,2020-10-01,0.00,169222.46,0.0,0.0,0.0,0.0,,0.0,,
EURO STOXX 50,MC.FR,Equities,2020-10-01,2020-10-02,5652198.5,220284097.2,0.0,0.0,0.0,0.0,,0.0,,
EURO STOXX 50,DAI.DE,Equities,2020-10-01,2020-10-02,140648.57,18913155.22,0.0,0.0,0.0,0.0,,0.0,,
EURO STOXX 50,IBE.ES,Equities,2020-10-01,2020-10-02,951901.41,54078290.63,0.0,0.0,0.0,0.0,,0.0,,
EURO STOXX 50,MUV2.DE,Equities,2020-10-01,2020-10-02,-396610.5,31389918.3,0.0,0.0,0.0,0.0,,0.0,,
EURO STOXX 50,TEF.ES,Equities,2020-10-01,2020-10-02,-148954.63,6897297.32,0.0,0.0,0.0,0.0,,0.0,,
EURO STOXX 50,DB1.DE,Equities,2020-10-01,2020-10-02,-564870.9,33327383.1,0.0,0.0,0.0,0.0,,0.0,,
EURO STOXX 50,ENEL.IT,Equities,2020-10-01,2020-10-02,454960.80,79398688.32,0.0,0.0,0.0,0.0,,0.0,,
EURO STOXX 50,GLE.FR,Equities,2020-10-01,2020-10-02,-96337.89,4038698.43,0.0,0.0,0.0,0.0,,0.0,,
EURO STOXX 50,BAYN.DE,Equities,2020-10-01,2020-10-02,-3533614.39,28147566.7,0.0,0.0,0.0,0.0,,0.0,,
EURO STOXX 50,AD.NL,Equities,2020-10-01,2020-10-02,118856.08,21436543,0.0,0.0,0.0,0.0,,0.0,,
EURO STOXX 50,ENGI.FR,Equities,2020-10-01,2020-10-02,11567.27,17616956.02,0.0,0.0,0.0,0.0,,0.0,,
EURO STOXX 50,BBVA.ES,Equities,2020-10-01,2020-10-02,23474.80,7427425.93,0.0,0.0,0.0,0.0,,0.0,,
EURO STOXX 50,ISP.IT,Equities,2020-10-01,2020-10-02,-137517.67,13608307.11,0.0,0.0,0.0,0.0,,0.0,,
EURO STOXX 50,INGA.NL,Equities,2020-10-01,2020-10-02,-19073.17,13530729.06,0.0,0.0,0.0,0.0,,0.0,,
EURO STOXX 50,SAP.DE,Equities,2020-10-01,2020-10-02,257310.9,179900961.1,0.0,0.0,0.0,0.0,,0.0,,
EURO STOXX 50,ITX.ES,Equities,2020-10-01,2020-10-02,393576.5,18734241.4,0.0,0.0,0.0,0.0,,0.0,,
EURO STOXX 50,FRE.DE,Equities,2020-10-01,2020-10-02,-53656.56,11574912.36,0.0,0.0,0.0,0.0,,0.0,,
EURO STOXX 50,CS.FR,Equities,2020-10-01,2020-10-02,-113067.94,23476474.08,0.0,0.0,0.0,0.0,,0.0,,
EURO STOXX 50,DG.FR,Equities,2020-10-01,2020-10-02,-959256.56,55358386.64,0.0,0.0,0.0,0.0,,0.0,,
EURO STOXX 50,ORA.FR,Equities,2020-10-01,2020-10-02,-301515.05,13457571.18,0.0,0.0,0.0,0.0,,0.0,,
EURO STOXX 50,DPW.DE,Equities,2020-10-01,2020-10-02,221052.51,63802304.09,0.0,0.0,0.0,0.0,,0.0,,
EURO STOXX 50,VIV.FR,Equities,2020-10-01,2020-10-02,-96479.19,25561625.4,0.0,0.0,0.0,0.0,,0.0,,
EURO STOXX 50,SU.FR,Equities,2020-10-01,2020-10-02,-76286.62,64935175.2,0.0,0.0,0.0,0.0,,0.0,,
EURO STOXX 50,BN.FR,Equities,2020-10-01,2020-10-02,28144,38866864,0.0,0.0,0.0,0.0,,0.0,,
EURO STOXX 50,KER.FR,Equities,2020-10-01,2020-10-02,661768.6,25211607.1,0.0,0.0,0.0,0.0,,0.0,,
EURO STOXX 50,ENI.IT,Equities,2020-10-01,2020-10-02,-473614.41,14107169.37,0.0,0.0,0.0,0.0,,0.0,,
EURO STOXX 50,AMS.ES,Equities,2020-10-01,2020-10-02,-309945.26,15757748.91,0.0,0.0,0.0,0.0,,0.0,,
EURO STOXX 50,AIR.FR,Equities,2020-10-01,2020-10-02,2645509.43,58778581.5,0.0,0.0,0.0,0.0,,0.0,,
EURO STOXX 50,BAS.DE,Equities,2020-10-01,2020-10-02,-459064.70,33631338.55,0.0,0.0,0.0,0.0,,0.0,,
EURO STOXX 50,EL.FR,Equities,2020-10-01,2020-10-02,0.0,32399894.6,0.0,0.0,0.0,0.0,,0.0,,
EURO STOXX 50,DTE.DE,Equities,2020-10-01,2020-10-02,234134.25,35415885.27,0.0,0.0,0.0,0.0,,0.0,,
EURO STOXX 50,SAN.FR,Equities,2020-10-01,2020-10-02,-43423.64,57021919.88,0.0,0.0,0.0,0.0,,0.0,,
EURO STOXX 50,ABI.BE,Equities,2020-10-01,2020-10-02,-363377.27,24098816.03,0.0,0.0,0.0,0.0,,0.0,,
EURO STOXX 50,VOW3.DE,Equities,2020-10-01,2020-10-02,-748051.92,26208465.36,0.0,0.0,0.0,0.0,,0.0,,
EURO STOXX 50,BNP.FR,Equities,2020-10-01,2020-10-02,-246811.75,22999886.63,0.0,0.0,0.0,0.0,,0.0,,
EURO STOXX 50,ASML.NL,Equities,2020-10-01,2020-10-02,5364646.0,241945534.6,0.0,0.0,0.0,0.0,,0.0,,
EURO STOXX 50,SAF.FR,Equities,2020-10-01,2020-10-02,-80666.4,23498956.8,0.0,0.0,0.0,0.0,,0.0,,
EURO STOXX 50,UNA.NL,Equities,2020-10-01,2020-10-02,287779.74,87248045.88,0.0,0.0,0.0,0.0,,0.0,,
EURO STOXX 50,ADS.DE,Equities,2020-10-01,2020-10-02,694815.5,296793134.6,0.0,0.0,0.0,0.0,,0.0,,
EURO STOXX 50,ALV.DE,Equities,2020-10-01,2020-10-02,-1111924.8,72341298,0.0,0.0,0.0,0.0,,0.0,,
EURO STOXX 50,OR.FR,Equities,2020-10-01,2020-10-02,1398826.00,88332682.75,0.0,0.0,0.0,0.0,,0.0,,
EURO STOXX 50,NOKIA.FI,Equities,2020-10-01,2020-10-02,-502835.29,19415510.97,0.0,0.0,0.0,0.0,,0.0,,
EURO STOXX 50,AI.FR,Equities,2020-10-01,2020-10-02,-242357.9,57175389.8,0.0,0.0,0.0,0.0,,0.0,,
EURO STOXX 50,SAN.ES,Equities,2020-10-01,2020-10-02,-325170.71,25762535.02,0.0,0.0,0.0,0.0,,0.0,,
EURO STOXX 50,PHIA.NL,Equities,2020-10-01,2020-10-02,20547.94,55277396.71,0.0,0.0,0.0,0.0,,0.0,,
EURO STOXX 50,BMW.DE,Equities,2020-10-01,2020-10-02,74399.1,10399155.8,0.0,0.0,0.0,0.0,,0.0,,
EURO STOXX 50,SIE.DE,Equities,2020-10-01,2020-10-02,-1049948.3,73293165.2,0.0,0.0,0.0,0.0,,0.0,,
EURO STOXX 50,ACA.FR,Equities,2020-10-01,2020-10-02,-1707830.41,69752332.23,0.0,0.0,0.0,0.0,,0.0,,
EURO STOXX 50,CRH.IE,Equities,2020-10-01,2020-10-02,0.00,169222.46,0.0,0.0,0.0,0.0,,0.0,,
EURO STOXX 50,DAI.DE,Equities,2020-10-02,2020-10-05,16307.08,19053803.79,0.0,0.0,0.0,0.0,,0.0,,
EURO STOXX 50,IBE.ES,Equities,2020-10-02,2020-10-05,102908.26,55030192.04,0.0,0.0,0.0,0.0,,0.0,,
EURO STOXX 50,PHIA.NL,Equities,2020-10-02,2020-10-05,-133561.64,55297944.65,0.0,0.0,0.0,0.0,,0.0,,
EURO STOXX 50,NOKIA.FI,Equities,2020-10-02,2020-10-05,-104034.89,18912675.68,0.0,0.0,0.0,0.0,,0.0,,
EURO STOXX 50,SAP.DE,Equities,2020-10-02,2020-10-05,-528164.5,180158272,0.0,0.0,0.0,0.0,,0.0,,
EURO STOXX 50,DG.FR,Equities,2020-10-02,2020-10-05,2289838.24,54399130.08,0.0,0.0,0.0,0.0,,0.0,,
EURO STOXX 50,VIV.FR,Equities,2020-10-02,2020-10-05,241197.97,25465146.21,0.0,0.0,0.0,0.0,,0.0,,
EURO STOXX 50,BMW.DE,Equities,2020-10-02,2020-10-05,-32601.85,10473554.9,0.0,0.0,0.0,0.0,,0.0,,
EURO STOXX 50,ITX.ES,Equities,2020-10-02,2020-10-05,-157430.6,19127817.9,0.0,0.0,0.0,0.0,,0.0,,
EURO STOXX 50,GLE.FR,Equities,2020-10-02,2020-10-05,-3211.26,3942360.54,0.0,0.0,0.0,0.0,,0.0,,
EURO STOXX 50,ENGI.FR,Equities,2020-10-02,2020-10-05,50124.85,17628523.29,0.0,0.0,0.0,0.0,,0.0,,
EURO STOXX 50,OR.FR,Equities,2020-10-02,2020-10-05,-365602.25,89731508.75,0.0,0.0,0.0,0.0,,0.0,,
EURO STOXX 50,ENI.IT,Equities,2020-10-02,2020-10-05,69618.16,13633554.96,0.0,0.0,0.0,0.0,,0.0,,
EURO STOXX 50,AIR.FR,Equities,2020-10-02,2020-10-05,-255559.05,61424090.93,0.0,0.0,0.0,0.0,,0.0,,
EURO STOXX 50,ORA.FR,Equities,2020-10-02,2020-10-05,231818.11,13156056.13,0.0,0.0,0.0,0.0,,0.0,,
EURO STOXX 50,BNP.FR,Equities,2020-10-02,2020-10-05,-116910.84,22753074.88,0.0,0.0,0.0,0.0,,0.0,,
EURO STOXX 50,BAYN.DE,Equities,2020-10-02,2020-10-05,-969468.68,24613952.31,0.0,0.0,0.0,0.0,,0.0,,
EURO STOXX 50,DB1.DE,Equities,2020-10-02,2020-10-05,77531.3,32762512.2,0.0,0.0,0.0,0.0,,0.0,,
EURO STOXX 50,VOW3.DE,Equities,2020-10-02,2020-10-05,-357846.72,25460413.44,0.0,0.0,0.0,0.0,,0.0,,
EURO STOXX 50,ISP.IT,Equities,2020-10-02,2020-10-05,43292.60,13470789.44,0.0,0.0,0.0,0.0,,0.0,,
EURO STOXX 50,UNA.NL,Equities,2020-10-02,2020-10-05,1151118.96,87535825.62,0.0,0.0,0.0,0.0,,0.0,,
EURO STOXX 50,ASML.NL,Equities,2020-10-02,2020-10-05,-3678614.4,247310180.6,0.0,0.0,0.0,0.0,,0.0,,
EURO STOXX 50,KER.FR,Equities,2020-10-02,2020-10-05,-208745.8,25873375.7,0.0,0.0,0.0,0.0,,0.0,,
EURO STOXX 50,SAN.ES,Equities,2020-10-02,2020-10-05,-106243.89,25437364.31,0.0,0.0,0.0,0.0,,0.0,,
EURO STOXX 50,ENEL.IT,Equities,2020-10-02,2020-10-05,96344.64,79853649.12,0.0,0.0,0.0,0.0,,0.0,,
EURO STOXX 50,SIE.DE,Equities,2020-10-02,2020-10-05,-474170.2,72243216.9,0.0,0.0,0.0,0.0,,0.0,,
EURO STOXX 50,DTE.DE,Equities,2020-10-02,2020-10-05,104744.26,35650019.52,0.0,0.0,0.0,0.0,,0.0,,
EURO STOXX 50,ACA.FR,Equities,2020-10-02,2020-10-05,-656857.85,68044501.82,0.0,0.0,0.0,0.0,,0.0,,
EURO STOXX 50,MUV2.DE,Equities,2020-10-02,2020-10-05,158644.2,30993307.8,0.0,0.0,0.0,0.0,,0.0,,
EURO STOXX 50,INGA.NL,Equities,2020-10-02,2020-10-05,352292.62,13511655.89,0.0,0.0,0.0,0.0,,0.0,,
EURO STOXX 50,EL.FR,Equities,2020-10-02,2020-10-05,0.0,32399894.6,0.0,0.0,0.0,0.0,,0.0,,
EURO STOXX 50,ABI.BE,Equities,2020-10-02,2020-10-05,307372.89,23735438.76,0.0,0.0,0.0,0.0,,0.0,,
EURO STOXX 50,AMS.ES,Equities,2020-10-02,2020-10-05,-247296.75,15447803.65,0.0,0.0,0.0,0.0,,0.0,,
EURO STOXX 50,ADS.DE,Equities,2020-10-02,2020-10-05,-2244788.7,297487950.1,0.0,0.0,0.0,0.0,,0.0,,
EURO STOXX 50,BAS.DE,Equities,2020-10-02,2020-10-05,426736.20,33172273.85,0.0,0.0,0.0,0.0,,0.0,,
EURO STOXX 50,FRE.DE,Equities,2020-10-02,2020-10-05,-204193.02,11521255.8,0.0,0.0,0.0,0.0,,0.0,,
EURO STOXX 50,DPW.DE,Equities,2020-10-02,2020-10-05,188303.99,64023356.6,0.0,0.0,0.0,0.0,,0.0,,
EURO STOXX 50,AD.NL,Equities,2020-10-02,2020-10-05,-169794.40,21555399.08,0.0,0.0,0.0,0.0,,0.0,,
EURO STOXX 50,SAF.FR,Equities,2020-10-02,2020-10-05,52850.4,23418290.4,0.0,0.0,0.0,0.0,,0.0,,
EURO STOXX 50,BN.FR,Equities,2020-10-02,2020-10-05,-161828,38895008,0.0,0.0,0.0,0.0,,0.0,,
EURO STOXX 50,SU.FR,Equities,2020-10-02,2020-10-05,244117.20,64858888.58,0.0,0.0,0.0,0.0,,0.0,,
EURO STOXX 50,MC.FR,Equities,2020-10-02,2020-10-05,-1130439.8,225936295.7,0.0,0.0,0.0,0.0,,0.0,,
EURO STOXX 50,AI.FR,Equities,2020-10-02,2020-10-05,21074.6,56933031.9,0.0,0.0,0.0,0.0,,0.0,,
EURO STOXX 50,BBVA.ES,Equities,2020-10-02,2020-10-05,-29734.75,7450900.73,0.0,0.0,0.0,0.0,,0.0,,
EURO STOXX 50,ALV.DE,Equities,2020-10-02,2020-10-05,467714.4,71229373.2,0.0,0.0,0.0,0.0,,0.0,,
EURO STOXX 50,CS.FR,Equities,2020-10-02,2020-10-05,-65460.38,23363406.14,0.0,0.0,0.0,0.0,,0.0,,
EURO STOXX 50,SAN.FR,Equities,2020-10-02,2020-10-05,531104.52,56978496.24,0.0,0.0,0.0,0.0,,0.0,,
EURO STOXX 50,TEF.ES,Equities,2020-10-02,2020-10-05,6982.25,6748342.69,0.0,0.0,0.0,0.0,,0.0,,
EURO STOXX 50,CRH.IE,Equities,2020-10-02,2020-10-05,0.00,169222.46,0.0,0.0,0.0,0.0,,0.0,,
EURO STOXX 50,ADS.DE,Equities,2020-10-05,2020-10-06,-3099946.3,295243161.4,0.0,0.0,0.0,0.0,,0.0,,
EURO STOXX 50,AIR.FR,Equities,2020-10-05,2020-10-06,1107422.55,61168531.88,0.0,0.0,0.0,0.0,,0.0,,
EURO STOXX 50,SU.FR,Equities,2020-10-05,2020-10-06,518749.05,65103005.78,0.0,0.0,0.0,0.0,,0.0,,
EURO STOXX 50,INGA.NL,Equities,2020-10-05,2020-10-06,194097.52,13863948.51,0.0,0.0,0.0,0.0,,0.0,,
EURO STOXX 50,BMW.DE,Equities,2020-10-05,2020-10-06,259978.89,10440953.05,0.0,0.0,0.0,0.0,,0.0,,
EURO STOXX 50,SAF.FR,Equities,2020-10-05,2020-10-06,122390.4,23471140.8,0.0,0.0,0.0,0.0,,0.0,,
EURO STOXX 50,ENGI.FR,Equities,2020-10-05,2020-10-06,69403.63,17678648.14,0.0,0.0,0.0,0.0,,0.0,,
EURO STOXX 50,CS.FR,Equities,2020-10-05,2020-10-06,394250.04,23297945.76,0.0,0.0,0.0,0.0,,0.0,,
EURO STOXX 50,MC.FR,Equities,2020-10-05,2020-10-06,2757170.0,224805855.9,0.0,0.0,0.0,0.0,,0.0,,
EURO STOXX 50,NOKIA.FI,Equities,2020-10-05,2020-10-06,352562.68,18808640.79,0.0,0.0,0.0,0.0,,0.0,,
EURO STOXX 50,BNP.FR,Equities,2020-10-05,2020-10-06,708887.91,22636164.04,0.0,0.0,0.0,0.0,,0.0,,
EURO STOXX 50,ORA.FR,Equities,2020-10-05,2020-10-06,495454.37,13387874.24,0.0,0.0,0.0,0.0,,0.0,,
EURO STOXX 50,DTE.DE,Equities,2020-10-05,2020-10-06,560689.90,35754763.78,0.0,0.0,0.0,0.0,,0.0,,
EURO STOXX 50,MUV2.DE,Equities,2020-10-05,2020-10-06,822065.4,31151952,0.0,0.0,0.0,0.0,,0.0,,
EURO STOXX 50,AMS.ES,Equities,2020-10-05,2020-10-06,272026.42,15200506.9,0.0,0.0,0.0,0.0,,0.0,,
EURO STOXX 50,BN.FR,Equities,2020-10-05,2020-10-06,154792,3.873318E+7,0.0,0.0,0.0,0.0,,0.0,,
EURO STOXX 50,IBE.ES,Equities,2020-10-05,2020-10-06,-77181.2,55133100.3,0.0,0.0,0.0,0.0,,0.0,,
EURO STOXX 50,DAI.DE,Equities,2020-10-05,2020-10-06,485135.63,19070110.87,0.0,0.0,0.0,0.0,,0.0,,
EURO STOXX 50,KER.FR,Equities,2020-10-05,2020-10-06,226511.4,25664629.9,0.0,0.0,0.0,0.0,,0.0,,
EURO STOXX 50,DPW.DE,Equities,2020-10-05,2020-10-06,573099.10,64211660.59,0.0,0.0,0.0,0.0,,0.0,,
EURO STOXX 50,PHIA.NL,Equities,2020-10-05,2020-10-06,664383.55,55164383.01,0.0,0.0,0.0,0.0,,0.0,,
EURO STOXX 50,DB1.DE,Equities,2020-10-05,2020-10-06,155062.6,32840043.5,0.0,0.0,0.0,0.0,,0.0,,
EURO STOXX 50,ALV.DE,Equities,2020-10-05,2020-10-06,1822321.2,71697087.6,0.0,0.0,0.0,0.0,,0.0,,
EURO STOXX 50,FRE.DE,Equities,2020-10-05,2020-10-06,245925.90,11317062.78,0.0,0.0,0.0,0.0,,0.0,,
EURO STOXX 50,ENEL.IT,Equities,2020-10-05,2020-10-06,-802872.00,79949993.76,0.0,0.0,0.0,0.0,,0.0,,
EURO STOXX 50,VIV.FR,Equities,2020-10-05,2020-10-06,401996.63,25706344.18,0.0,0.0,0.0,0.0,,0.0,,
EURO STOXX 50,OR.FR,Equities,2020-10-05,2020-10-06,-365602.25,89365906.5,0.0,0.0,0.0,0.0,,0.0,,
EURO STOXX 50,VOW3.DE,Equities,2020-10-05,2020-10-06,599583.60,25102566.72,0.0,0.0,0.0,0.0,,0.0,,
EURO STOXX 50,BBVA.ES,Equities,2020-10-05,2020-10-06,117373.99,7421165.98,0.0,0.0,0.0,0.0,,0.0,,
EURO STOXX 50,EL.FR,Equities,2020-10-05,2020-10-06,0.0,32399894.6,0.0,0.0,0.0,0.0,,0.0,,
EURO STOXX 50,ASML.NL,Equities,2020-10-05,2020-10-06,3716933.3,243631566.2,0.0,0.0,0.0,0.0,,0.0,,
EURO STOXX 50,GLE.FR,Equities,2020-10-05,2020-10-06,124525.64,3939149.28,0.0,0.0,0.0,0.0,,0.0,,
EURO STOXX 50,SAN.FR,Equities,2020-10-05,2020-10-06,283923.80,57509600.76,0.0,0.0,0.0,0.0,,0.0,,
EURO STOXX 50,AD.NL,Equities,2020-10-05,2020-10-06,84897.20,21385604.68,0.0,0.0,0.0,0.0,,0.0,,
EURO STOXX 50,SAN.ES,Equities,2020-10-05,2020-10-06,758195.07,25331120.42,0.0,0.0,0.0,0.0,,0.0,,
EURO STOXX 50,SIE.DE,Equities,2020-10-05,2020-10-06,1077043.74,71769046.7,0.0,0.0,0.0,0.0,,0.0,,
EURO STOXX 50,BAYN.DE,Equities,2020-10-05,2020-10-06,1059161.02,23644483.63,0.0,0.0,0.0,0.0,,0.0,,
EURO STOXX 50,ENI.IT,Equities,2020-10-05,2020-10-06,407160.71,13703173.12,0.0,0.0,0.0,0.0,,0.0,,
EURO STOXX 50,SAP.DE,Equities,2020-10-05,2020-10-06,-501079.1,179630107.5,0.0,0.0,0.0,0.0,,0.0,,
EURO STOXX 50,BAS.DE,Equities,2020-10-05,2020-10-06,872869.50,33599010.05,0.0,0.0,0.0,0.0,,0.0,,
EURO STOXX 50,TEF.ES,Equities,2020-10-05,2020-10-06,565562.09,6755324.94,0.0,0.0,0.0,0.0,,0.0,,
EURO STOXX 50,ISP.IT,Equities,2020-10-05,2020-10-06,350585.17,13514082.04,0.0,0.0,0.0,0.0,,0.0,,
EURO STOXX 50,ITX.ES,Equities,2020-10-05,2020-10-06,165302.13,18970387.3,0.0,0.0,0.0,0.0,,0.0,,
EURO STOXX 50,AI.FR,Equities,2020-10-05,2020-10-06,-695461.8,56954106.5,0.0,0.0,0.0,0.0,,0.0,,
EURO STOXX 50,UNA.NL,Equities,2020-10-05,2020-10-06,-67712.88,88686944.58,0.0,0.0,0.0,0.0,,0.0,,
EURO STOXX 50,ACA.FR,Equities,2020-10-05,2020-10-06,1528687.36,67387643.97,0.0,0.0,0.0,0.0,,0.0,,
EURO STOXX 50,DG.FR,Equities,2020-10-05,2020-10-06,750386.18,56688968.32,0.0,0.0,0.0,0.0,,0.0,,
EURO STOXX 50,ABI.BE,Equities,2020-10-05,2020-10-06,280021.91,24042811.65,0.0,0.0,0.0,0.0,,0.0,,
EURO STOXX 50,CRH.IE,Equities,2020-10-05,2020-10-06,0.00,169222.46,0.0,0.0,0.0,0.0,,0.0,,
